Planet_ID,Predicted_Class
1,7
2,9
3,4
4,3
5,9
6,4
7,3
8,9
9,3
10,9
11,3
12,1
13,9
14,1
15,4
16,3
17,4
18,6
19,7
20,9
21,5
22,7
23,3
24,3
25,8
26,3
27,8
28,4
29,1
30,4
31,5
32,4
33,7
34,6
35,9
36,3
37,6
38,4
39,9
40,4
41,4
42,8
43,8
44,8
45,5
46,3
47,4
48,9
49,8
50,10
51,8
52,7
53,3
54,3
55,8
56,3
57,1
58,4
59,10
60,5
61,10
62,3
63,4
64,4
65,9
66,10
67,3
68,1
69,5
70,8
71,6
72,3
73,3
74,6
75,4
76,5
77,3
78,8
79,4
80,5
81,10
82,3
83,3
84,8
85,4
86,8
87,5
88,7
89,7
90,5
91,3
92,9
93,9
94,5
95,4
96,4
97,4
98,5
99,3
100,10
101,3
102,4
103,4
104,10
105,3
106,4
107,3
108,5
109,10
110,3
111,3
112,4
113,4
114,4
115,8
116,3
117,3
118,9
119,9
120,3
121,9
122,4
123,10
124,9
125,9
126,4
127,1
128,4
129,4
130,4
131,3
132,3
133,9
134,3
135,3
136,4
137,3
138,5
139,4
140,9
141,9
142,8
143,3
144,4
145,9
146,4
147,4
148,3
149,1
150,9
151,4
152,3
153,4
154,9
155,4
156,3
157,7
158,1
159,7
160,5
161,2
162,1
163,4
164,8
165,9
166,7
167,9
168,5
169,4
170,8
171,4
172,10
173,4
174,3
175,4
176,4
177,4
178,3
179,4
180,4
181,4
182,3
183,4
184,1
185,8
186,9
187,5
188,3
189,3
190,4
191,5
192,4
193,8
194,10
195,1
196,9
197,4
198,3
199,8
200,3
201,5
202,3
203,4
204,4
205,4
206,5
207,4
208,7
209,6
210,5
211,9
212,5
213,10
214,5
215,10
216,3
217,3
218,8
219,4
220,8
221,6
222,10
223,10
224,7
225,4
226,3
227,5
228,9
229,4
230,8
231,8
232,4
233,3
234,6
235,4
236,8
237,7
238,6
239,10
240,4
241,3
242,3
243,4
244,6
245,9
246,9
247,4
248,10
249,2
250,6
251,10
252,4
253,10
254,3
255,6
256,6
257,4
258,5
259,3
260,1
261,4
262,5
263,8
264,5
265,4
266,4
267,1
268,5
269,3
270,8
271,7
272,1
273,4
274,4
275,8
276,10
277,4
278,5
279,3
280,4
281,5
282,3
283,4
284,5
285,6
286,3
287,3
288,3
289,5
290,7
291,10
292,3
293,10
294,10
295,1
296,8
297,1
298,6
299,3
300,4
301,5
302,4
303,4
304,3
305,5
306,4
307,4
308,4
309,2
310,9
311,3
312,3
313,3
314,3
315,4
316,4
317,8
318,10
319,3
320,3
321,4
322,4
323,10
324,4
325,9
326,4
327,8
328,1
329,5
330,5
331,4
332,4
333,4
334,4
335,3
336,3
337,10
338,6
339,3
340,3
341,8
342,9
343,4
344,8
345,9
346,4
347,3
348,4
349,4
350,4
351,4
352,4
353,7
354,4
355,4
356,4
357,3
358,4
359,10
360,4
361,3
362,7
363,7
364,9
365,4
366,3
367,9
368,3
369,9
370,3
371,6
372,8
373,1
374,4
375,4
376,4
377,10
378,4
379,4
380,9
381,4
382,5
383,7
384,4
385,3
386,4
387,1
388,3
389,4
390,5
391,3
392,3
393,3
394,4
395,9
396,3
397,10
398,3
399,9
400,7
401,3
402,4
403,10
404,9
405,4
406,8
407,7
408,6
409,7
410,4
411,8
412,4
413,5
414,6
415,4
416,6
417,4
418,4
419,4
420,4
421,9
422,3
423,10
424,3
425,1
426,10
427,3
428,4
429,9
430,4
431,4
432,3
433,9
434,5
435,4
436,4
437,4
438,7
439,10
440,8
441,6
442,1
443,7
444,9
445,6
446,1
447,4
448,10
449,3
450,7
451,7
452,3
453,8
454,3
455,8
456,5
457,3
458,8
459,9
460,3
461,5
462,7
463,5
464,3
465,9
466,9
467,6
468,7
469,6
470,4
471,4
472,4
473,7
474,4
475,3
476,1
477,4
478,6
479,9
480,3
481,4
482,8
483,6
484,9
485,6
486,1
487,3
488,10
489,8
490,4
491,3
492,3
493,3
494,3
495,6
496,1
497,4
498,3
499,3
500,3
501,7
502,8
503,10
504,3
505,4
506,3
507,4
508,4
509,3
510,4
511,9
512,4
513,3
514,10
515,8
516,4
517,6
518,4
519,4
520,4
521,6
522,5
523,8
524,4
525,3
526,3
527,7
528,5
529,5
530,4
531,4
532,8
533,9
534,10
535,1
536,9
537,2
538,4
539,6
540,10
541,9
542,8
543,3
544,9
545,1
546,4
547,4
548,6
549,5
550,3
551,8
552,5
553,1
554,3
555,7
556,3
557,5
558,6
559,4
560,8
561,9
562,1
563,4
564,3
565,1
566,4
567,7
568,3
569,6
570,3
571,9
572,10
573,9
574,7
575,9
576,8
577,5
578,4
579,3
580,9
581,6
582,6
583,4
584,4
585,4
586,6
587,4
588,5
589,7
590,8
591,5
592,10
593,1
594,5
595,1
596,3
597,3
598,8
599,4
600,8
601,3
602,6
603,8
604,9
605,4
606,2
607,3
608,9
609,4
610,3
611,3
612,1
613,10
614,4
615,4
616,5
617,10
618,10
619,3
620,5
621,1
622,4
623,9
624,3
625,4
626,3
627,7
628,4
629,10
630,7
631,4
632,9
633,3
634,4
635,8
636,6
637,8
638,5
639,4
640,4
641,4
642,3
643,1
644,3
645,1
646,4
647,9
648,4
649,7
650,6
651,3
652,6
653,4
654,2
655,9
656,4
657,6
658,7
659,10
660,4
661,9
662,1
663,10
664,4
665,3
666,8
667,8
668,4
669,10
670,4
671,6
672,8
673,4
674,9
675,4
676,4
677,6
678,7
679,10
680,4
681,4
682,8
683,4
684,9
685,5
686,6
687,5
688,3
689,3
690,5
691,6
692,5
693,4
694,4
695,6
696,4
697,4
698,10
699,9
700,5
701,4
702,8
703,5
704,6
705,4
706,10
707,10
708,4
709,8
710,4
711,3
712,1
713,8
714,4
715,3
716,10
717,4
718,3
719,4
720,5
721,3
722,4
723,10
724,9
725,1
726,4
727,6
728,4
729,3
730,7
731,8
732,3
733,3
734,8
735,4
736,4
737,5
738,3
739,4
740,3
741,10
742,4
743,8
744,8
745,3
746,4
747,10
748,6
749,10
750,4
751,6
752,3
753,5
754,7
755,4
756,4
757,6
758,2
759,3
760,3
761,9
762,4
763,3
764,1
765,3
766,3
767,4
768,4
769,4
770,8
771,3
772,6
773,4
774,4
775,9
776,10
777,1
778,4
779,1
780,4
781,7
782,5
783,7
784,4
785,1
786,7
787,7
788,8
789,4
790,10
791,4
792,4
793,7
794,4
795,3
796,5
797,10
798,4
799,4
800,10
801,7
802,7
803,10
804,4
805,8
806,3
807,3
808,5
809,5
810,4
811,3
812,5
813,3
814,9
815,3
816,10
817,5
818,1
819,4
820,10
821,1
822,4
823,8
824,3
825,4
826,6
827,4
828,3
829,3
830,6
831,9
832,5
833,8
834,5
835,8
836,4
837,4
838,4
839,1
840,8
841,5
842,8
843,3
844,1
845,7
846,8
847,6
848,5
849,5
850,3
851,4
852,7
853,8
854,6
855,4
856,5
857,10
858,3
859,6
860,4
861,4
862,1
863,8
864,6
865,3
866,8
867,3
868,7
869,3
870,4
871,3
872,3
873,9
874,3
875,6
876,6
877,7
878,3
879,7
880,4
881,8
882,10
883,3
884,9
885,3
886,9
887,3
888,9
889,4
890,4
891,3
892,4
893,8
894,8
895,5
896,1
897,3
898,4
899,4
900,3
901,4
902,3
903,10
904,5
905,1
906,8
907,10
908,4
909,9
910,5
911,9
912,7
913,3
914,8
915,6
916,9
917,7
918,8
919,4
920,8
921,4
922,10
923,3
924,7
925,6
926,3
927,3
928,10
929,4
930,4
931,9
932,8
933,1
934,3
935,4
936,5
937,4
938,8
939,9
940,6
941,9
942,6
943,1
944,10
945,4
946,5
947,4
948,4
949,4
950,4
951,4
952,10
953,3
954,9
955,10
956,1
957,9
958,9
959,8
960,5
961,8
962,6
963,4
964,4
965,4
966,8
967,9
968,4
969,2
970,9
971,4
972,8
973,4
974,3
975,5
976,10
977,4
978,5
979,3
980,4
981,3
982,1
983,4
984,6
985,4
986,3
987,3
988,8
989,4
990,3
991,5
992,4
993,6
994,1
995,4
996,3
997,5
998,8
999,5
1000,6
1001,5
1002,1
1003,6
1004,4
1005,4
1006,4
1007,10
1008,4
1009,4
1010,4
1011,6
1012,4
1013,10
1014,10
1015,7
1016,8
1017,3
1018,6
1019,4
1020,4
1021,3
1022,8
1023,8
1024,8
1025,2
1026,4
1027,3
1028,4
1029,7
1030,4
1031,4
1032,5
1033,4
1034,5
1035,3
1036,9
1037,5
1038,4
1039,4
1040,8
1041,4
1042,3
1043,7
1044,8
1045,9
1046,5
1047,4
1048,3
1049,9
1050,10
1051,6
1052,9
1053,10
1054,3
1055,4
1056,8
1057,4
1058,9
1059,4
1060,9
1061,5
1062,1
1063,4
1064,9
1065,4
1066,5
1067,4
1068,4
1069,9
1070,7
1071,9
1072,5
1073,5
1074,10
1075,4
1076,4
1077,3
1078,9
1079,9
1080,4
1081,8
1082,4
1083,4
1084,4
1085,6
1086,1
1087,6
1088,4
1089,9
1090,1
1091,9
1092,4
1093,10
1094,4
1095,1
1096,7
1097,8
1098,4
1099,3
1100,5
1101,5
1102,5
1103,3
1104,6
1105,8
1106,5
1107,4
1108,5
1109,7
1110,10
1111,6
1112,9
1113,4
1114,3
1115,5
1116,4
1117,9
1118,4
1119,3
1120,5
1121,4
1122,3
1123,4
1124,7
1125,9
1126,6
1127,8
1128,4
1129,10
1130,5
1131,10
1132,9
1133,3
1134,4
1135,5
1136,4
1137,5
1138,4
1139,9
1140,5
1141,8
1142,6
1143,10
1144,5
1145,3
1146,3
1147,3
1148,3
1149,1
1150,4
1151,7
1152,8
1153,10
1154,3
1155,1
1156,3
1157,8
1158,9
1159,1
1160,6
1161,9
1162,9
1163,8
1164,9
1165,8
1166,10
1167,9
1168,6
1169,5
1170,4
1171,4
1172,10
1173,3
1174,9
1175,5
1176,6
1177,5
1178,5
1179,5
1180,4
1181,4
1182,6
1183,9
1184,9
1185,6
1186,9
1187,10
1188,4
1189,3
1190,4
1191,3
1192,8
1193,9
1194,4
1195,9
1196,8
1197,5
1198,1
1199,3
1200,7
1201,4
1202,4
1203,9
1204,1
1205,4
1206,3
1207,6
1208,3
1209,4
1210,10
1211,3
1212,2
1213,4
1214,4
1215,5
1216,4
1217,4
1218,5
1219,4
1220,3
1221,4
1222,4
1223,9
1224,2
1225,9
1226,3
1227,9
1228,8
1229,3
1230,3
1231,8
1232,1
1233,9
1234,9
1235,3
1236,3
1237,4
1238,5
1239,4
1240,4
1241,5
1242,9
1243,5
1244,4
1245,4
1246,10
1247,1
1248,7
1249,7
1250,4
1251,10
1252,9
1253,3
1254,8
1255,4
1256,4
1257,3
1258,4
1259,4
1260,3
1261,4
1262,3
1263,3
1264,8
1265,3
1266,3
1267,7
1268,5
1269,9
1270,9
1271,3
1272,3
1273,10
1274,1
1275,9
1276,3
1277,8
1278,4
1279,7
1280,4
1281,4
1282,3
1283,4
1284,4
1285,3
1286,8
1287,9
1288,3
1289,10
1290,10
1291,1
1292,7
1293,3
1294,9
1295,1
1296,4
1297,3
1298,4
1299,5
1300,6
1301,8
1302,1
1303,4
1304,3
1305,10
1306,5
1307,8
1308,7
1309,8
1310,4
1311,4
1312,8
1313,3
1314,8
1315,10
1316,3
1317,4
1318,4
1319,5
1320,7
1321,9
1322,4
1323,9
1324,8
1325,6
1326,4
1327,6
1328,8
1329,9
1330,4
1331,5
1332,9
1333,3
1334,6
1335,7
1336,5
1337,5
1338,9
1339,4
1340,7
1341,4
1342,3
1343,8
1344,4
1345,8
1346,9
1347,8
1348,10
1349,3
1350,6
1351,4
1352,5
1353,3
1354,4
1355,5
1356,4
1357,3
1358,9
1359,4
1360,7
1361,4
1362,8
1363,3
1364,8
1365,3
1366,8
1367,8
1368,7
1369,4
1370,6
1371,4
1372,4
1373,4
1374,9
1375,6
1376,4
1377,3
1378,1
1379,3
1380,6
1381,9
1382,3
1383,10
1384,9
1385,4
1386,4
1387,6
1388,9
1389,3
1390,4
1391,1
1392,8
1393,4
1394,3
1395,3
1396,3
1397,4
1398,4
1399,5
1400,6
1401,3
1402,4
1403,8
1404,4
1405,3
1406,3
1407,4
1408,4
1409,7
1410,4
1411,10
1412,1
1413,4
1414,10
1415,10
1416,9
1417,3
1418,6
1419,8
1420,1
1421,9
1422,5
1423,8
1424,9
1425,4
1426,3
1427,4
1428,10
1429,10
1430,4
1431,4
1432,7
1433,5
1434,5
1435,4
1436,10
1437,3
1438,8
1439,1
1440,5
1441,9
1442,4
1443,3
1444,4
1445,1
1446,1
1447,5
1448,3
1449,4
1450,10
1451,8
1452,9
1453,10
1454,10
1455,7
1456,5
1457,9
1458,6
1459,3
1460,10
1461,4
1462,10
1463,3
1464,7
1465,7
1466,5
1467,9
1468,1
1469,1
1470,3
1471,5
1472,4
1473,9
1474,4
1475,6
1476,5
1477,8
1478,5
1479,8
1480,7
1481,5
1482,8
1483,7
1484,4
1485,4
1486,3
1487,4
1488,6
1489,1
1490,7
1491,10
1492,1
1493,8
1494,4
1495,9
1496,10
1497,6
1498,10
1499,6
1500,7
1501,4
1502,3
1503,9
1504,3
1505,1
1506,4
1507,3
1508,4
1509,3
1510,10
1511,1
1512,9
1513,10
1514,3
1515,4
1516,4
1517,8
1518,1
1519,5
1520,10
1521,8
1522,3
1523,4
1524,7
1525,9
1526,9
1527,4
1528,9
1529,4
1530,4
1531,5
1532,3
1533,9
1534,1
1535,4
1536,1
1537,3
1538,1
1539,9
1540,5
1541,10
1542,3
1543,8
1544,5
1545,8
1546,8
1547,5
1548,3
1549,4
1550,10
1551,4
1552,5
1553,9
1554,4
1555,4
1556,4
1557,3
1558,3
1559,1
1560,4
1561,3
1562,4
1563,3
1564,5
1565,8
1566,1
1567,5
1568,5
1569,4
1570,8
1571,3
1572,10
1573,4
1574,9
1575,3
1576,3
1577,6
1578,9
1579,9
1580,8
1581,3
1582,6
1583,4
1584,5
1585,3
1586,3
1587,5
1588,8
1589,7
1590,3
1591,3
1592,4
1593,6
1594,9
1595,4
1596,6
1597,4
1598,9
1599,9
1600,10
1601,3
1602,10
1603,9
1604,4
1605,5
1606,3
1607,6
1608,4
1609,8
1610,5
1611,8
1612,9
1613,9
1614,7
1615,9
1616,3
1617,3
1618,3
1619,10
1620,3
1621,5
1622,1
1623,10
1624,4
1625,5
1626,10
1627,3
1628,3
1629,9
1630,3
1631,4
1632,10
1633,3
1634,4
1635,4
1636,3
1637,4
1638,8
1639,10
1640,4
1641,10
1642,4
1643,3
1644,4
1645,4
1646,8
1647,4
1648,9
1649,5
1650,6
1651,3
1652,3
1653,8
1654,3
1655,8
1656,4
1657,4
1658,4
1659,2
1660,4
1661,4
1662,5
1663,1
1664,9
1665,9
1666,4
1667,4
1668,4
1669,4
1670,4
1671,9
1672,5
1673,4
1674,4
1675,4
1676,3
1677,6
1678,4
1679,6
1680,8
1681,3
1682,6
1683,3
1684,3
1685,4
1686,4
1687,9
1688,4
1689,8
1690,3
1691,3
1692,5
1693,4
1694,4
1695,9
1696,10
1697,4
1698,9
1699,3
1700,6
1701,4
1702,9
1703,4
1704,3
1705,4
1706,10
1707,8
1708,4
1709,6
1710,3
1711,5
1712,3
1713,1
1714,4
1715,10
1716,4
1717,9
1718,3
1719,10
1720,4
1721,1
1722,4
1723,9
1724,1
1725,9
1726,3
1727,6
1728,10
1729,4
1730,5
1731,7
1732,3
1733,9
1734,3
1735,8
1736,9
1737,4
1738,7
1739,10
1740,1
1741,10
1742,4
1743,1
1744,4
1745,9
1746,9
1747,5
1748,10
1749,5
1750,3
1751,8
1752,10
1753,3
1754,4
1755,5
1756,3
1757,3
1758,3
1759,3
1760,5
1761,4
1762,4
1763,1
1764,4
1765,1
1766,3
1767,4
1768,9
1769,4
1770,5
1771,8
1772,2
1773,3
1774,4
1775,3
1776,4
1777,4
1778,3
1779,8
1780,5
1781,4
1782,9
1783,5
1784,8
1785,8
1786,4
1787,9
1788,10
1789,4
1790,9
1791,6
1792,4
1793,6
1794,8
1795,4
1796,3
1797,6
1798,10
1799,7
1800,10
1801,4
1802,8
1803,3
1804,7
1805,4
1806,8
1807,4
1808,6
1809,3
1810,4
1811,3
1812,3
1813,4
1814,3
1815,8
1816,8
1817,9
1818,9
1819,1
1820,1
1821,4
1822,1
1823,7
1824,9
1825,3
1826,5
1827,3
1828,4
1829,5
1830,4
1831,4
1832,9
1833,10
1834,9
1835,4
1836,4
1837,4
1838,3
1839,5
1840,4
1841,7
1842,6
1843,4
1844,3
1845,4
1846,8
1847,4
1848,9
1849,8
1850,9
1851,6
1852,4
1853,8
1854,10
1855,3
1856,4
1857,3
1858,5
1859,9
1860,1
1861,3
1862,4
1863,8
1864,4
1865,9
1866,5
1867,3
1868,4
1869,9
1870,10
1871,6
1872,5
1873,10
1874,10
1875,3
1876,6
1877,4
1878,4
1879,5
1880,4
1881,1
1882,5
1883,5
1884,8
1885,5
1886,4
1887,8
1888,8
1889,3
1890,9
1891,10
1892,3
1893,6
1894,5
1895,4
1896,3
1897,3
1898,4
1899,4
1900,5
1901,5
1902,3
1903,3
1904,5
1905,4
1906,9
1907,4
1908,1
1909,9
1910,5
1911,3
1912,4
1913,6
1914,10
1915,9
1916,5
1917,8
1918,4
1919,3
1920,6
1921,10
1922,3
1923,4
1924,3
1925,8
1926,6
1927,7
1928,6
1929,5
1930,10
1931,4
1932,3
1933,8
1934,9
1935,4
1936,10
1937,5
1938,8
1939,9
1940,4
1941,6
1942,9
1943,3
1944,8
1945,3
1946,5
1947,3
1948,3
1949,5
1950,9
1951,8
1952,9
1953,4
1954,4
1955,3
1956,10
1957,10
1958,5
1959,8
1960,3
1961,4
1962,3
1963,4
1964,9
1965,4
1966,3
1967,10
1968,4
1969,4
1970,9
1971,3
1972,3
1973,8
1974,3
1975,3
1976,8
1977,4
1978,9
1979,10
1980,9
1981,9
1982,9
1983,8
1984,5
1985,3
1986,9
1987,4
1988,3
1989,4
1990,10
1991,3
1992,3
1993,4
1994,4
1995,4
1996,4
1997,9
1998,4
1999,10
2000,4
2001,9
2002,4
2003,9
2004,4
2005,10
2006,4
2007,1
2008,10
2009,4
2010,4
2011,4
2012,4
2013,4
2014,4
2015,4
2016,4
2017,5
2018,5
2019,5
2020,5
2021,3
2022,10
2023,8
2024,4
2025,5
2026,9
2027,9
2028,4
2029,9
2030,3
2031,4
2032,5
2033,3
2034,6
2035,4
2036,8
2037,10
2038,7
2039,4
2040,3
2041,4
2042,4
2043,1
2044,9
2045,6
2046,3
2047,8
2048,3
2049,5
2050,9
2051,4
2052,4
2053,9
2054,5
2055,5
2056,6
2057,3
2058,8
2059,6
2060,8
2061,10
2062,3
2063,4
2064,5
2065,4
2066,4
2067,9
2068,7
2069,8
2070,7
2071,5
2072,4
2073,3
2074,1
2075,9
2076,7
2077,3
2078,9
2079,8
2080,8
2081,5
2082,1
2083,4
2084,7
2085,1
2086,4
2087,4
2088,8
2089,10
2090,5
2091,5
2092,10
2093,5
2094,5
2095,9
2096,6
2097,1
2098,3
2099,3
2100,7
2101,3
2102,10
2103,6
2104,4
2105,8
2106,5
2107,8
2108,5
2109,5
2110,8
2111,3
2112,4
2113,9
2114,3
2115,3
2116,8
2117,8
2118,10
2119,9
2120,6
2121,9
2122,3
2123,3
2124,9
2125,9
2126,4
2127,4
2128,7
2129,7
2130,4
2131,5
2132,9
2133,10
2134,7
2135,5
2136,9
2137,4
2138,4
2139,4
2140,3
2141,8
2142,10
2143,4
2144,7
2145,7
2146,3
2147,5
2148,4
2149,10
2150,9
2151,6
2152,7
2153,4
2154,8
2155,4
2156,6
2157,9
2158,5
2159,3
2160,10
2161,9
2162,5
2163,5
2164,4
2165,4
2166,1
2167,4
2168,9
2169,5
2170,8
2171,10
2172,4
2173,4
2174,3
2175,1
2176,4
2177,7
2178,5
2179,1
2180,6
2181,3
2182,8
2183,6
2184,6
2185,5
2186,9
2187,3
2188,6
2189,7
2190,5
2191,3
2192,4
2193,3
2194,6
2195,1
2196,8
2197,5
2198,5
2199,5
2200,8
2201,5
2202,8
2203,9
2204,4
2205,3
2206,9
2207,8
2208,4
2209,5
2210,4
2211,9
2212,4
2213,9
2214,4
2215,7
2216,3
2217,10
2218,4
2219,8
2220,3
2221,10
2222,5
2223,3
2224,9
2225,7
2226,3
2227,1
2228,9
2229,4
2230,8
2231,3
2232,4
2233,5
2234,1
2235,6
2236,4
2237,4
2238,4
2239,6
2240,4
2241,8
2242,10
2243,4
2244,8
2245,5
2246,4
2247,4
2248,9
2249,3
2250,9
2251,5
2252,10
2253,5
2254,3
2255,3
2256,9
2257,1
2258,10
2259,5
2260,10
2261,6
2262,5
2263,8
2264,8
2265,3
2266,10
2267,9
2268,9
2269,10
2270,5
2271,7
2272,9
2273,10
2274,4
2275,10
2276,8
2277,4
2278,4
2279,7
2280,3
2281,3
2282,3
2283,3
2284,4
2285,3
2286,10
2287,3
2288,4
2289,9
2290,3
2291,4
2292,6
2293,1
2294,3
2295,4
2296,4
2297,6
2298,9
2299,8
2300,6
2301,5
2302,7
2303,4
2304,8
2305,8
2306,8
2307,8
2308,3
2309,5
2310,4
2311,4
2312,10
2313,3
2314,10
2315,9
2316,4
2317,4
2318,6
2319,1
2320,9
2321,4
2322,4
2323,7
2324,4
2325,4
2326,4
2327,10
2328,5
2329,4
2330,5
2331,8
2332,7
2333,10
2334,9
2335,9
2336,4
2337,9
2338,8
2339,3
2340,4
2341,10
2342,8
2343,8
2344,4
2345,8
2346,8
2347,4
2348,3
2349,4
2350,3
2351,4
2352,8
2353,4
2354,5
2355,4
2356,5
2357,4
2358,4
2359,5
2360,4
2361,7
2362,9
2363,6
2364,6
2365,7
2366,9
2367,4
2368,8
2369,8
2370,3
2371,3
2372,4
2373,6
2374,9
2375,3
2376,5
2377,8
2378,6
2379,1
2380,4
2381,8
2382,5
2383,3
2384,3
2385,6
2386,5
2387,5
2388,4
2389,8
2390,2
2391,5
2392,6
2393,7
2394,3
2395,9
2396,8
2397,3
2398,4
2399,4
2400,6
2401,3
2402,9
2403,8
2404,1
2405,10
2406,7
2407,4
2408,10
2409,7
2410,4
2411,1
2412,4
2413,4
2414,3
2415,4
2416,5
2417,4
2418,1
2419,5
2420,3
2421,8
2422,4
2423,8
2424,3
2425,3
2426,7
2427,8
2428,3
2429,1
2430,3
2431,9
2432,10
2433,3
2434,3
2435,4
2436,4
2437,8
2438,6
2439,5
2440,5
2441,1
2442,4
2443,10
2444,10
2445,4
2446,10
2447,5
2448,4
2449,4
2450,3
2451,7
2452,3
2453,3
2454,4
2455,7
2456,3
2457,4
2458,2
2459,9
2460,3
2461,4
2462,3
2463,3
2464,4
2465,8
2466,1
2467,9
2468,4
2469,9
2470,3
2471,3
2472,9
2473,9
2474,4
2475,5
2476,4
2477,6
2478,5
2479,8
2480,4
2481,8
2482,5
2483,6
2484,9
2485,5
2486,3
2487,9
2488,4
2489,9
2490,1
2491,9
2492,3
2493,8
2494,10
2495,8
2496,4
2497,4
2498,5
2499,8
2500,8
2501,4
2502,3
2503,5
2504,6
2505,4
2506,8
2507,1
2508,9
2509,9
2510,3
2511,4
2512,3
2513,3
2514,10
2515,10
2516,4
2517,4
2518,5
2519,3
2520,4
2521,5
2522,5
2523,7
2524,8
2525,4
2526,4
2527,5
2528,1
2529,10
2530,5
2531,9
2532,6
2533,3
2534,4
2535,7
2536,8
2537,3
2538,3
2539,4
2540,9
2541,7
2542,4
2543,1
2544,7
2545,4
2546,9
2547,4
2548,6
2549,5
2550,4
2551,3
2552,4
2553,7
2554,4
2555,8
2556,8
2557,4
2558,1
2559,4
2560,3
2561,9
2562,3
2563,10
2564,10
2565,9
2566,8
2567,4
2568,5
2569,1
2570,3
2571,4
2572,9
2573,3
2574,4
2575,3
2576,4
2577,4
2578,5
2579,4
2580,9
2581,9
2582,4
2583,10
2584,3
2585,4
2586,4
2587,3
2588,3
2589,8
2590,4
2591,5
2592,8
2593,1
2594,1
2595,7
2596,10
2597,4
2598,3
2599,6
2600,4
2601,3
2602,1
2603,8
2604,4
2605,3
2606,10
2607,3
2608,4
2609,4
2610,5
2611,4
2612,3
2613,4
2614,3
2615,4
2616,3
2617,3
2618,3
2619,3
2620,3
2621,3
2622,10
2623,5
2624,3
2625,4
2626,5
2627,4
2628,6
2629,3
2630,3
2631,8
2632,9
2633,3
2634,3
2635,1
2636,9
2637,3
2638,8
2639,6
2640,9
2641,3
2642,6
2643,5
2644,9
2645,4
2646,3
2647,8
2648,4
2649,9
2650,3
2651,3
2652,8
2653,2
2654,9
2655,9
2656,4
2657,3
2658,1
2659,4
2660,2
2661,3
2662,5
2663,3
2664,5
2665,5
2666,4
2667,8
2668,4
2669,3
2670,3
2671,7
2672,9
2673,1
2674,10
2675,4
2676,10
2677,4
2678,10
2679,8
2680,10
2681,6
2682,3
2683,4
2684,3
2685,2
2686,5
2687,10
2688,6
2689,4
2690,9
2691,4
2692,4
2693,4
2694,5
2695,10
2696,5
2697,9
2698,4
2699,5
2700,9
2701,6
2702,3
2703,1
2704,6
2705,4
2706,4
2707,4
2708,1
2709,3
2710,10
2711,8
2712,3
2713,10
2714,4
2715,1
2716,5
2717,5
2718,1
2719,4
2720,5
2721,5
2722,3
2723,4
2724,3
2725,9
2726,4
2727,3
2728,1
2729,8
2730,6
2731,10
2732,7
2733,3
2734,3
2735,5
2736,9
2737,8
2738,9
2739,2
2740,4
2741,5
2742,3
2743,5
2744,4
2745,9
2746,3
2747,4
2748,3
2749,3
2750,8
2751,8
2752,8
2753,3
2754,4
2755,6
2756,4
2757,7
2758,4
2759,7
2760,9
2761,4
2762,1
2763,9
2764,1
2765,3
2766,1
2767,9
2768,3
2769,4
2770,3
2771,5
2772,4
2773,5
2774,10
2775,3
2776,4
2777,4
2778,1
2779,9
2780,6
2781,1
2782,8
2783,1
2784,3
2785,3
2786,5
2787,4
2788,10
2789,4
2790,5
2791,4
2792,4
2793,8
2794,3
2795,3
2796,9
2797,9
2798,10
2799,4
2800,3
2801,4
2802,8
2803,3
2804,4
2805,8
2806,8
2807,8
2808,3
2809,5
2810,4
2811,7
2812,8
2813,10
2814,9
2815,3
2816,4
2817,4
2818,3
2819,4
2820,9
2821,9
2822,1
2823,4
2824,8
2825,3
2826,4
2827,3
2828,4
2829,9
2830,3
2831,7
2832,9
2833,3
2834,10
2835,3
2836,10
2837,10
2838,7
2839,4
2840,4
2841,3
2842,6
2843,6
2844,9
2845,6
2846,10
2847,3
2848,10
2849,6
2850,4
2851,1
2852,10
2853,4
2854,4
2855,9
2856,5
2857,4
2858,9
2859,10
2860,4
2861,3
2862,8
2863,4
2864,4
2865,3
2866,3
2867,9
2868,4
2869,4
2870,3
2871,4
2872,4
2873,1
2874,1
2875,7
2876,5
2877,7
2878,4
2879,4
2880,9
2881,5
2882,3
2883,5
2884,4
2885,3
2886,4
2887,5
2888,10
2889,6
2890,1
2891,7
2892,10
2893,8
2894,7
2895,8
2896,3
2897,7
2898,6
2899,2
2900,1
2901,5
2902,10
2903,4
2904,3
2905,6
2906,5
2907,7
2908,10
2909,10
2910,4
2911,3
2912,6
2913,4
2914,3
2915,4
2916,6
2917,5
2918,4
2919,10
2920,4
2921,9
2922,10
2923,4
2924,4
2925,3
2926,5
2927,4
2928,8
2929,4
2930,8
2931,5
2932,4
2933,1
2934,7
2935,10
2936,4
2937,8
2938,8
2939,9
2940,1
2941,5
2942,10
2943,1
2944,4
2945,3
2946,5
2947,5
2948,3
2949,3
2950,4
2951,4
2952,3
2953,8
2954,4
2955,8
2956,3
2957,9
2958,5
2959,9
2960,10
2961,5
2962,6
2963,1
2964,1
2965,10
2966,4
2967,4
2968,6
2969,6
2970,9
2971,3
2972,5
2973,3
2974,4
2975,4
2976,6
2977,1
2978,5
2979,7
2980,9
2981,7
2982,3
2983,4
2984,4
2985,4
2986,5
2987,8
2988,4
2989,1
2990,5
2991,6
2992,5
2993,4
2994,7
2995,9
2996,4
2997,4
2998,4
2999,9
3000,1
3001,3
3002,9
3003,4
3004,4
3005,5
3006,4
3007,10
3008,4
3009,2
3010,8
3011,3
3012,8
3013,6
3014,6
3015,4
3016,3
3017,6
3018,10
3019,8
3020,4
3021,4
3022,6
3023,10
3024,7
3025,9
3026,8
3027,4
3028,4
3029,9
3030,3
3031,5
3032,8
3033,1
3034,3
3035,4
3036,6
3037,9
3038,3
3039,10
3040,4
3041,5
3042,10
3043,4
3044,1
3045,3
3046,7
3047,5
3048,5
3049,6
3050,8
3051,4
3052,5
3053,1
3054,3
3055,7
3056,8
3057,10
3058,10
3059,10
3060,4
3061,8
3062,4
3063,9
3064,8
3065,4
3066,5
3067,3
3068,7
3069,6
3070,8
3071,4
3072,10
3073,4
3074,6
3075,3
3076,8
3077,10
3078,4
3079,4
3080,6
3081,3
3082,6
3083,3
3084,7
3085,4
3086,3
3087,8
3088,3
3089,7
3090,4
3091,1
3092,3
3093,5
3094,3
3095,3
3096,4
3097,9
3098,4
3099,4
3100,4
3101,3
3102,5
3103,4
3104,10
3105,4
3106,10
3107,5
3108,10
3109,4
3110,4
3111,7
3112,8
3113,3
3114,4
3115,9
3116,5
3117,10
3118,5
3119,9
3120,4
3121,5
3122,9
3123,10
3124,8
3125,4
3126,9
3127,4
3128,3
3129,3
3130,5
3131,1
3132,3
3133,4
3134,6
3135,3
3136,9
3137,10
3138,9
3139,9
3140,1
3141,3
3142,1
3143,3
3144,4
3145,3
3146,9
3147,4
3148,10
3149,4
3150,10
3151,4
3152,4
3153,4
3154,3
3155,10
3156,3
3157,3
3158,7
3159,5
3160,10
3161,9
3162,9
3163,6
3164,3
3165,3
3166,10
3167,10
3168,8
3169,10
3170,9
3171,4
3172,9
3173,3
3174,9
3175,8
3176,4
3177,6
3178,4
3179,8
3180,6
3181,5
3182,10
3183,8
3184,3
3185,6
3186,1
3187,3
3188,4
3189,9
3190,5
3191,10
3192,3
3193,6
3194,3
3195,9
3196,5
3197,4
3198,6
3199,3
3200,4
3201,10
3202,3
3203,10
3204,4
3205,3
3206,5
3207,10
3208,5
3209,8
3210,9
3211,10
3212,4
3213,3
3214,8
3215,4
3216,3
3217,4
3218,7
3219,8
3220,1
3221,4
3222,7
3223,3
3224,3
3225,3
3226,9
3227,3
3228,4
3229,8
3230,5
3231,4
3232,4
3233,8
3234,8
3235,10
3236,8
3237,4
3238,4
3239,3
3240,10
3241,3
3242,4
3243,1
3244,9
3245,5
3246,10
3247,8
3248,9
3249,3
3250,2
3251,5
3252,8
3253,8
3254,4
3255,8
3256,8
3257,5
3258,4
3259,5
3260,4
3261,5
3262,5
3263,10
3264,9
3265,4
3266,4
3267,1
3268,4
3269,4
3270,6
3271,3
3272,1
3273,5
3274,1
3275,3
3276,3
3277,4
3278,9
3279,8
3280,4
3281,7
3282,4
3283,8
3284,5
3285,9
3286,5
3287,10
3288,3
3289,5
3290,3
3291,7
3292,10
3293,8
3294,5
3295,10
3296,1
3297,7
3298,1
3299,5
3300,3
3301,5
3302,9
3303,3
3304,5
3305,10
3306,9
3307,3
3308,3
3309,10
3310,9
3311,1
3312,10
3313,3
3314,4
3315,4
3316,6
3317,10
3318,7
3319,6
3320,2
3321,4
3322,4
3323,6
3324,3
3325,4
3326,1
3327,9
3328,5
3329,6
3330,5
3331,3
3332,3
3333,9
3334,10
3335,4
3336,5
3337,5
3338,5
3339,4
3340,3
3341,4
3342,7
3343,1
3344,4
3345,9
3346,3
3347,1
3348,8
3349,4
3350,7
3351,9
3352,4
3353,6
3354,4
3355,4
3356,5
3357,8
3358,1
3359,5
3360,6
3361,5
3362,6
3363,3
3364,1
3365,4
3366,9
3367,9
3368,5
3369,7
3370,5
3371,8
3372,1
3373,3
3374,8
3375,4
3376,6
3377,4
3378,3
3379,8
3380,4
3381,4
3382,5
3383,10
3384,4
3385,9
3386,8
3387,4
3388,10
3389,4
3390,3
3391,7
3392,3
3393,4
3394,9
3395,8
3396,9
3397,4
3398,8
3399,8
3400,6
3401,10
3402,4
3403,3
3404,1
3405,4
3406,10
3407,6
3408,5
3409,7
3410,10
3411,8
3412,10
3413,4
3414,8
3415,3
3416,3
3417,4
3418,1
3419,5
3420,4
3421,4
3422,4
3423,3
3424,8
3425,8
3426,9
3427,5
3428,8
3429,8
3430,4
3431,4
3432,5
3433,4
3434,4
3435,4
3436,3
3437,8
3438,5
3439,4
3440,6
3441,3
3442,6
3443,8
3444,7
3445,9
3446,6
3447,3
3448,3
3449,5
3450,5
3451,10
3452,5
3453,5
3454,4
3455,4
3456,4
3457,9
3458,8
3459,1
3460,8
3461,3
3462,9
3463,4
3464,3
3465,4
3466,8
3467,9
3468,4
3469,1
3470,5
3471,3
3472,5
3473,8
3474,3
3475,3
3476,3
3477,4
3478,6
3479,10
3480,4
3481,5
3482,1
3483,4
3484,8
3485,8
3486,8
3487,8
3488,10
3489,4
3490,5
3491,5
3492,8
3493,3
3494,3
3495,4
3496,4
3497,3
3498,8
3499,10
3500,4
3501,8
3502,8
3503,4
3504,4
3505,9
3506,10
3507,1
3508,10
3509,3
3510,7
3511,7
3512,9
3513,1
3514,3
3515,3
3516,7
3517,4
3518,1
3519,3
3520,5
3521,3
3522,5
3523,2
3524,10
3525,3
3526,7
3527,4
3528,10
3529,8
3530,9
3531,8
3532,4
3533,4
3534,10
3535,4
3536,8
3537,1
3538,4
3539,10
3540,3
3541,3
3542,9
3543,4
3544,8
3545,8
3546,4
3547,4
3548,10
3549,3
3550,10
3551,3
3552,4
3553,5
3554,9
3555,3
3556,3
3557,5
3558,8
3559,5
3560,9
3561,4
3562,8
3563,4
3564,4
3565,5
3566,3
3567,5
3568,9
3569,7
3570,3
3571,5
3572,3
3573,8
3574,2
3575,9
3576,9
3577,3
3578,3
3579,3
3580,7
3581,5
3582,3
3583,4
3584,7
3585,6
3586,8
3587,4
3588,10
3589,4
3590,6
3591,4
3592,7
3593,4
3594,5
3595,10
3596,10
3597,1
3598,7
3599,4
3600,9
3601,4
3602,3
3603,4
3604,3
3605,5
3606,5
3607,4
3608,8
3609,6
3610,8
3611,9
3612,5
3613,8
3614,1
3615,3
3616,9
3617,6
3618,10
3619,8
3620,10
3621,5
3622,8
3623,9
3624,4
3625,8
3626,4
3627,5
3628,6
3629,3
3630,8
3631,7
3632,4
3633,5
3634,3
3635,6
3636,3
3637,4
3638,5
3639,5
3640,4
3641,4
3642,4
3643,7
3644,6
3645,6
3646,4
3647,10
3648,6
3649,4
3650,4
3651,3
3652,4
3653,4
3654,9
3655,3
3656,7
3657,8
3658,8
3659,4
3660,5
3661,1
3662,4
3663,8
3664,10
3665,5
3666,8
3667,9
3668,6
3669,3
3670,4
3671,3
3672,7
3673,9
3674,4
3675,4
3676,3
3677,8
3678,6
3679,3
3680,4
3681,1
3682,3
3683,9
3684,9
3685,10
3686,4
3687,4
3688,9
3689,9
3690,4
3691,9
3692,3
3693,7
3694,4
3695,6
3696,5
3697,3
3698,4
3699,3
3700,4
3701,9
3702,4
3703,9
3704,4
3705,4
3706,10
3707,1
3708,9
3709,3
3710,10
3711,9
3712,10
3713,4
3714,5
3715,9
3716,3
3717,4
3718,4
3719,3
3720,6
3721,6
3722,4
3723,10
3724,3
3725,5
3726,9
3727,5
3728,1
3729,8
3730,5
3731,10
3732,3
3733,4
3734,4
3735,4
3736,6
3737,4
3738,3
3739,8
3740,9
3741,7
3742,4
3743,9
3744,5
3745,5
3746,4
3747,5
3748,4
3749,8
3750,8
3751,10
3752,9
3753,1
3754,8
3755,4
3756,4
3757,3
3758,5
3759,3
3760,8
3761,4
3762,4
3763,5
3764,10
3765,4
3766,4
3767,9
3768,4
3769,3
3770,5
3771,1
3772,3
3773,6
3774,3
3775,6
3776,3
3777,4
3778,4
3779,9
3780,4
3781,9
3782,4
3783,3
3784,10
3785,4
3786,4
3787,4
3788,5
3789,9
3790,4
3791,6
3792,8
3793,3
3794,6
3795,5
3796,5
3797,4
3798,4
3799,5
3800,6
3801,8
3802,6
3803,10
3804,1
3805,1
3806,1
3807,9
3808,4
3809,9
3810,4
3811,3
3812,6
3813,10
3814,5
3815,4
3816,4
3817,3
3818,5
3819,3
3820,1
3821,8
3822,3
3823,3
3824,3
3825,4
3826,4
3827,6
3828,3
3829,3
3830,3
3831,1
3832,3
3833,7
3834,5
3835,4
3836,8
3837,3
3838,4
3839,10
3840,4
3841,3
3842,4
3843,5
3844,4
3845,6
3846,3
3847,1
3848,1
3849,5
3850,6
3851,8
3852,4
3853,4
3854,4
3855,10
3856,5
3857,10
3858,4
3859,4
3860,8
3861,3
3862,10
3863,7
3864,3
3865,1
3866,8
3867,4
3868,1
3869,3
3870,9
3871,6
3872,3
3873,9
3874,4
3875,9
3876,5
3877,9
3878,5
3879,5
3880,8
3881,4
3882,6
3883,4
3884,6
3885,3
3886,8
3887,9
3888,3
3889,3
3890,9
3891,5
3892,4
3893,3
3894,3
3895,4
3896,1
3897,4
3898,4
3899,3
3900,10
3901,5
3902,1
3903,8
3904,3
3905,5
3906,4
3907,4
3908,5
3909,3
3910,3
3911,10
3912,3
3913,6
3914,7
3915,9
3916,9
3917,5
3918,3
3919,4
3920,4
3921,8
3922,3
3923,4
3924,7
3925,4
3926,4
3927,3
3928,8
3929,3
3930,3
3931,5
3932,9
3933,3
3934,5
3935,3
3936,7
3937,6
3938,4
3939,4
3940,8
3941,8
3942,10
3943,1
3944,3
3945,7
3946,3
3947,5
3948,4
3949,3
3950,3
3951,4
3952,3
3953,3
3954,8
3955,9
3956,4
3957,8
3958,4
3959,3
3960,1
3961,5
3962,8
3963,9
3964,10
3965,4
3966,7
3967,8
3968,8
3969,7
3970,6
3971,4
3972,4
3973,3
3974,6
3975,4
3976,5
3977,4
3978,5
3979,1
3980,9
3981,6
3982,4
3983,6
3984,4
3985,4
3986,4
3987,5
3988,5
3989,3
3990,10
3991,4
3992,9
3993,10
3994,7
3995,4
3996,3
3997,1
3998,6
3999,3
4000,10
4001,8
4002,9
4003,1
4004,1
4005,3
4006,4
4007,4
4008,5
4009,4
4010,4
4011,4
4012,5
4013,1
4014,4
4015,4
4016,8
4017,9
4018,4
4019,4
4020,9
4021,4
4022,4
4023,1
4024,6
4025,3
4026,4
4027,3
4028,5
4029,10
4030,3
4031,10
4032,3
4033,5
4034,6
4035,1
4036,4
4037,4
4038,8
4039,3
4040,4
4041,10
4042,5
4043,8
4044,6
4045,7
4046,3
4047,2
4048,5
4049,4
4050,7
4051,4
4052,8
4053,3
4054,8
4055,9
4056,3
4057,5
4058,4
4059,3
4060,3
4061,3
4062,5
4063,1
4064,8
4065,5
4066,3
4067,3
4068,3
4069,3
4070,4
4071,6
4072,3
4073,4
4074,10
4075,4
4076,7
4077,4
4078,4
4079,10
4080,4
4081,3
4082,8
4083,6
4084,8
4085,3
4086,4
4087,5
4088,3
4089,8
4090,6
4091,1
4092,1
4093,5
4094,5
4095,4
4096,8
4097,3
4098,5
4099,3
4100,9
4101,3
4102,8
4103,10
4104,4
4105,5
4106,4
4107,3
4108,8
4109,4
4110,3
4111,4
4112,3
4113,9
4114,10
4115,3
4116,10
4117,3
4118,3
4119,9
4120,7
4121,3
4122,3
4123,8
4124,9
4125,3
4126,3
4127,5
4128,5
4129,9
4130,4
4131,6
4132,7
4133,8
4134,3
4135,9
4136,9
4137,3
4138,3
4139,5
4140,8
4141,3
4142,4
4143,9
4144,4
4145,4
4146,3
4147,3
4148,4
4149,6
4150,3
4151,8
4152,6
4153,5
4154,4
4155,10
4156,4
4157,4
4158,8
4159,10
4160,7
4161,1
4162,10
4163,5
4164,7
4165,7
4166,9
4167,3
4168,6
4169,4
4170,4
4171,4
4172,4
4173,8
4174,5
4175,4
4176,9
4177,5
4178,4
4179,4
4180,4
4181,5
4182,4
4183,9
4184,6
4185,4
4186,4
4187,1
4188,9
4189,8
4190,6
4191,4
4192,4
4193,8
4194,9
4195,10
4196,4
4197,3
4198,4
4199,9
4200,5
4201,6
4202,4
4203,4
4204,9
4205,5
4206,2
4207,3
4208,4
4209,1
4210,8
4211,9
4212,8
4213,4
4214,10
4215,8
4216,4
4217,4
4218,8
4219,4
4220,4
4221,7
4222,10
4223,3
4224,1
4225,10
4226,6
4227,4
4228,1
4229,6
4230,8
4231,4
4232,3
4233,4
4234,4
4235,4
4236,8
4237,4
4238,10
4239,9
4240,1
4241,1
4242,1
4243,4
4244,3
4245,5
4246,10
4247,7
4248,8
4249,3
4250,4
4251,3
4252,4
4253,8
4254,3
4255,3
4256,7
4257,8
4258,9
4259,8
4260,8
4261,7
4262,4
4263,4
4264,3
4265,4
4266,5
4267,2
4268,4
4269,3
4270,3
4271,3
4272,3
4273,5
4274,4
4275,5
4276,5
4277,3
4278,7
4279,6
4280,4
4281,4
4282,4
4283,3
4284,4
4285,5
4286,1
4287,1
4288,8
4289,3
4290,6
4291,4
4292,8
4293,4
4294,1
4295,8
4296,4
4297,3
4298,2
4299,3
4300,9
4301,5
4302,3
4303,10
4304,4
4305,4
4306,4
4307,8
4308,4
4309,5
4310,10
4311,10
4312,3
4313,5
4314,5
4315,9
4316,3
4317,5
4318,6
4319,4
4320,10
4321,3
4322,10
4323,6
4324,5
4325,10
4326,5
4327,10
4328,4
4329,4
4330,1
4331,9
4332,4
4333,9
4334,5
4335,7
4336,4
4337,9
4338,4
4339,7
4340,6
4341,3
4342,3
4343,4
4344,1
4345,3
4346,7
4347,9
4348,3
4349,8
4350,5
4351,6
4352,6
4353,3
4354,3
4355,3
4356,3
4357,4
4358,10
4359,5
4360,4
4361,1
4362,1
4363,4
4364,4
4365,5
4366,1
4367,3
4368,8
4369,3
4370,9
4371,3
4372,6
4373,4
4374,10
4375,1
4376,3
4377,3
4378,8
4379,4
4380,10
4381,4
4382,3
4383,4
4384,10
4385,5
4386,5
4387,4
4388,6
4389,10
4390,4
4391,3
4392,8
4393,6
4394,1
4395,9
4396,8
4397,4
4398,7
4399,6
4400,3
4401,10
4402,4
4403,7
4404,8
4405,3
4406,4
4407,5
4408,9
4409,3
4410,4
4411,3
4412,4
4413,9
4414,8
4415,8
4416,3
4417,3
4418,10
4419,3
4420,3
4421,3
4422,8
4423,3
4424,10
4425,4
4426,10
4427,4
4428,4
4429,4
4430,4
4431,7
4432,8
4433,1
4434,10
4435,5
4436,4
4437,10
4438,9
4439,5
4440,3
4441,9
4442,8
4443,5
4444,4
4445,10
4446,9
4447,7
4448,3
4449,1
4450,9
4451,4
4452,4
4453,4
4454,5
4455,9
4456,3
4457,5
4458,3
4459,10
4460,6
4461,6
4462,5
4463,3
4464,9
4465,3
4466,5
4467,9
4468,9
4469,6
4470,4
4471,1
4472,6
4473,4
4474,1
4475,6
4476,1
4477,6
4478,5
4479,5
4480,10
4481,10
4482,9
4483,3
4484,9
4485,9
4486,5
4487,3
4488,6
4489,3
4490,3
4491,9
4492,4
4493,10
4494,10
4495,5
4496,8
4497,4
4498,5
4499,4
4500,4
4501,4
4502,8
4503,10
4504,2
4505,3
4506,5
4507,3
4508,4
4509,9
4510,4
4511,3
4512,3
4513,3
4514,4
4515,4
4516,3
4517,4
4518,10
4519,9
4520,2
4521,4
4522,8
4523,8
4524,5
4525,4
4526,4
4527,7
4528,1
4529,9
4530,5
4531,10
4532,3
4533,3
4534,4
4535,3
4536,5
4537,1
4538,5
4539,4
4540,6
4541,2
4542,5
4543,1
4544,4
4545,3
4546,4
4547,3
4548,4
4549,3
4550,7
4551,10
4552,8
4553,5
4554,10
4555,1
4556,10
4557,5
4558,9
4559,4
4560,3
4561,4
4562,3
4563,3
4564,4
4565,5
4566,8
4567,8
4568,4
4569,8
4570,6
4571,4
4572,8
4573,3
4574,3
4575,4
4576,3
4577,3
4578,5
4579,10
4580,3
4581,5
4582,5
4583,6
4584,5
4585,3
4586,4
4587,3
4588,1
4589,4
4590,5
4591,9
4592,1
4593,4
4594,8
4595,3
4596,4
4597,3
4598,4
4599,8
4600,3
4601,3
4602,8
4603,4
4604,4
4605,3
4606,4
4607,4
4608,9
4609,3
4610,9
4611,10
4612,1
4613,10
4614,10
4615,8
4616,5
4617,8
4618,8
4619,6
4620,3
4621,8
4622,7
4623,9
4624,8
4625,6
4626,4
4627,3
4628,1
4629,4
4630,9
4631,3
4632,1
4633,5
4634,9
4635,4
4636,1
4637,6
4638,4
4639,8
4640,6
4641,4
4642,1
4643,3
4644,4
4645,5
4646,4
4647,4
4648,5
4649,4
4650,8
4651,6
4652,4
4653,9
4654,4
4655,8
4656,4
4657,10
4658,4
4659,8
4660,1
4661,10
4662,3
4663,5
4664,10
4665,3
4666,4
4667,3
4668,3
4669,10
4670,8
4671,4
4672,7
4673,1
4674,3
4675,4
4676,1
4677,4
4678,6
4679,6
4680,10
4681,4
4682,8
4683,10
4684,8
4685,6
4686,4
4687,3
4688,4
4689,7
4690,3
4691,8
4692,5
4693,10
4694,8
4695,9
4696,3
4697,7
4698,6
4699,4
4700,9
4701,10
4702,8
4703,4
4704,7
4705,10
4706,6
4707,5
4708,3
4709,4
4710,5
4711,4
4712,4
4713,4
4714,5
4715,1
4716,6
4717,3
4718,5
4719,4
4720,4
4721,3
4722,9
4723,5
4724,4
4725,1
4726,6
4727,4
4728,4
4729,5
4730,4
4731,8
4732,4
4733,5
4734,4
4735,4
4736,5
4737,9
4738,9
4739,4
4740,3
4741,4
4742,3
4743,8
4744,5
4745,4
4746,10
4747,8
4748,7
4749,9
4750,3
4751,5
4752,8
4753,5
4754,4
4755,5
4756,4
4757,6
4758,1
4759,4
4760,5
4761,10
4762,10
4763,3
4764,8
4765,4
4766,3
4767,9
4768,6
4769,1
4770,10
4771,3
4772,4
4773,9
4774,6
4775,4
4776,8
4777,8
4778,5
4779,4
4780,3
4781,3
4782,8
4783,5
4784,8
4785,6
4786,2
4787,9
4788,9
4789,3
4790,4
4791,3
4792,5
4793,3
4794,8
4795,10
4796,9
4797,4
4798,4
4799,3
4800,4
4801,7
4802,8
4803,5
4804,9
4805,3
4806,7
4807,4
4808,8
4809,7
4810,5
4811,4
4812,6
4813,5
4814,4
4815,9
4816,7
4817,9
4818,3
4819,3
4820,3
4821,4
4822,8
4823,3
4824,3
4825,3
4826,9
4827,10
4828,5
4829,7
4830,5
4831,9
4832,7
4833,9
4834,1
4835,8
4836,10
4837,4
4838,4
4839,8
4840,10
4841,10
4842,5
4843,8
4844,5
4845,3
4846,4
4847,8
4848,4
4849,3
4850,4
4851,3
4852,9
4853,3
4854,4
4855,7
4856,9
4857,6
4858,3
4859,4
4860,4
4861,9
4862,5
4863,4
4864,4
4865,4
4866,10
4867,8
4868,9
4869,9
4870,4
4871,4
4872,4
4873,4
4874,4
4875,8
4876,4
4877,9
4878,4
4879,6
4880,3
4881,4
4882,9
4883,4
4884,1
4885,2
4886,4
4887,4
4888,7
4889,3
4890,3
4891,1
4892,4
4893,4
4894,4
4895,4
4896,3
4897,10
4898,10
4899,8
4900,3
4901,9
4902,9
4903,4
4904,4
4905,7
4906,3
4907,9
4908,5
4909,9
4910,4
4911,10
4912,5
4913,10
4914,6
4915,3
4916,4
4917,8
4918,4
4919,9
4920,8
4921,3
4922,9
4923,5
4924,3
4925,4
4926,7
4927,9
4928,4
4929,5
4930,9
4931,4
4932,5
4933,4
4934,4
4935,1
4936,1
4937,9
4938,1
4939,6
4940,7
4941,3
4942,5
4943,3
4944,9
4945,3
4946,6
4947,6
4948,4
4949,4
4950,4
4951,3
4952,4
4953,3
4954,4
4955,4
4956,8
4957,4
4958,8
4959,3
4960,1
4961,4
4962,4
4963,8
4964,10
4965,10
4966,5
4967,8
4968,9
4969,8
4970,3
4971,5
4972,4
4973,4
4974,3
4975,9
4976,9
4977,8
4978,4
4979,5
4980,7
4981,9
4982,5
4983,3
4984,5
4985,4
4986,9
4987,3
4988,5
4989,8
4990,4
4991,4
4992,5
4993,6
4994,8
4995,6
4996,2
4997,7
4998,10
4999,5
5000,6
5001,3
5002,3
5003,5
5004,3
5005,3
5006,2
5007,8
5008,4
5009,8
5010,5
5011,3
5012,10
5013,9
5014,5
5015,5
5016,9
5017,3
5018,4
5019,3
5020,3
5021,3
5022,3
5023,4
5024,6
5025,5
5026,5
5027,9
5028,2
5029,4
5030,9
5031,8
5032,8
5033,6
5034,8
5035,9
5036,8
5037,5
5038,4
5039,3
5040,4
5041,9
5042,4
5043,6
5044,8
5045,5
5046,10
5047,3
5048,6
5049,9
5050,3
5051,9
5052,8
5053,4
5054,5
5055,1
5056,6
5057,9
5058,4
5059,9
5060,6
5061,9
5062,4
5063,4
5064,4
5065,8
5066,6
5067,4
5068,10
5069,10
5070,8
5071,3
5072,10
5073,4
5074,5
5075,4
5076,6
5077,6
5078,9
5079,6
5080,8
5081,9
5082,4
5083,4
5084,9
5085,4
5086,1
5087,4
5088,8
5089,4
5090,3
5091,5
5092,5
5093,5
5094,2
5095,10
5096,3
5097,9
5098,5
5099,8
5100,3
5101,5
5102,4
5103,5
5104,9
5105,9
5106,3
5107,9
5108,9
5109,8
5110,8
5111,9
5112,5
5113,4
5114,5
5115,5
5116,9
5117,4
5118,4
5119,3
5120,3
5121,7
5122,9
5123,9
5124,9
5125,8
5126,3
5127,6
5128,3
5129,4
5130,4
5131,9
5132,1
5133,5
5134,8
5135,4
5136,5
5137,4
5138,9
5139,5
5140,3
5141,5
5142,8
5143,7
5144,1
5145,4
5146,9
5147,6
5148,8
5149,5
5150,5
5151,3
5152,8
5153,10
5154,3
5155,7
5156,8
5157,4
5158,5
5159,8
5160,5
5161,9
5162,3
5163,4
5164,3
5165,4
5166,10
5167,4
5168,3
5169,3
5170,8
5171,5
5172,1
5173,7
5174,3
5175,4
5176,8
5177,4
5178,6
5179,4
5180,6
5181,6
5182,4
5183,4
5184,3
5185,9
5186,4
5187,4
5188,9
5189,3
5190,6
5191,8
5192,9
5193,4
5194,4
5195,5
5196,9
5197,3
5198,3
5199,4
5200,9
5201,8
5202,1
5203,8
5204,4
5205,3
5206,9
5207,1
5208,8
5209,5
5210,9
5211,10
5212,4
5213,2
5214,9
5215,3
5216,4
5217,5
5218,4
5219,1
5220,3
5221,10
5222,1
5223,5
5224,5
5225,3
5226,6
5227,3
5228,5
5229,9
5230,4
5231,6
5232,6
5233,4
5234,9
5235,5
5236,6
5237,3
5238,3
5239,8
5240,8
5241,4
5242,6
5243,9
5244,8
5245,8
5246,3
5247,4
5248,4
5249,3
5250,8
5251,5
5252,3
5253,4
5254,8
5255,4
5256,8
5257,9
5258,7
5259,5
5260,3
5261,4
5262,9
5263,9
5264,3
5265,5
5266,3
5267,4
5268,6
5269,6
5270,6
5271,8
5272,5
5273,3
5274,7
5275,2
5276,4
5277,9
5278,6
5279,9
5280,10
5281,1
5282,5
5283,4
5284,7
5285,9
5286,9
5287,1
5288,6
5289,6
5290,8
5291,3
5292,5
5293,3
5294,10
5295,9
5296,4
5297,1
5298,6
5299,6
5300,5
5301,4
5302,3
5303,3
5304,9
5305,9
5306,3
5307,6
5308,3
5309,10
5310,8
5311,6
5312,5
5313,9
5314,6
5315,5
5316,8
5317,5
5318,6
5319,5
5320,9
5321,8
5322,1
5323,9
5324,4
5325,6
5326,3
5327,6
5328,5
5329,10
5330,8
5331,1
5332,4
5333,9
5334,10
5335,7
5336,9
5337,3
5338,1
5339,3
5340,9
5341,6
5342,4
5343,1
5344,4
5345,8
5346,9
5347,8
5348,9
5349,9
5350,6
5351,5
5352,3
5353,10
5354,3
5355,9
5356,3
5357,3
5358,10
5359,7
5360,3
5361,5
5362,5
5363,9
5364,10
5365,3
5366,6
5367,3
5368,3
5369,1
5370,6
5371,5
5372,10
5373,8
5374,10
5375,4
5376,4
5377,6
5378,8
5379,10
5380,6
5381,9
5382,5
5383,7
5384,10
5385,4
5386,3
5387,10
5388,4
5389,10
5390,9
5391,5
5392,9
5393,3
5394,9
5395,6
5396,9
5397,3
5398,9
5399,3
5400,4
5401,8
5402,1
5403,10
5404,3
5405,9
5406,8
5407,4
5408,4
5409,8
5410,10
5411,8
5412,3
5413,10
5414,4
5415,9
5416,6
5417,4
5418,4
5419,3
5420,9
5421,8
5422,4
5423,8
5424,9
5425,5
5426,10
5427,9
5428,6
5429,8
5430,9
5431,1
5432,4
5433,3
5434,4
5435,4
5436,1
5437,3
5438,10
5439,3
5440,10
5441,9
5442,3
5443,4
5444,1
5445,4
5446,8
5447,4
5448,5
5449,9
5450,4
5451,1
5452,4
5453,3
5454,4
5455,8
5456,5
5457,10
5458,9
5459,3
5460,1
5461,5
5462,5
5463,3
5464,8
5465,8
5466,6
5467,10
5468,4
5469,10
5470,4
5471,1
5472,8
5473,3
5474,3
5475,5
5476,5
5477,9
5478,4
5479,4
5480,8
5481,3
5482,3
5483,7
5484,8
5485,4
5486,6
5487,5
5488,3
5489,3
5490,3
5491,4
5492,5
5493,3
5494,6
5495,5
5496,3
5497,9
5498,4
5499,7
5500,4
5501,4
5502,4
5503,5
5504,6
5505,1
5506,7
5507,4
5508,9
5509,8
5510,10
5511,7
5512,9
5513,6
5514,1
5515,4
5516,5
5517,7
5518,8
5519,7
5520,1
5521,4
5522,10
5523,1
5524,10
5525,4
5526,4
5527,3
5528,10
5529,3
5530,1
5531,3
5532,1
5533,5
5534,9
5535,4
5536,4
5537,4
5538,10
5539,3
5540,3
5541,6
5542,5
5543,5
5544,3
5545,4
5546,5
5547,3
5548,7
5549,3
5550,6
5551,4
5552,6
5553,5
5554,4
5555,1
5556,7
5557,8
5558,5
5559,8
5560,10
5561,3
5562,3
5563,3
5564,6
5565,4
5566,4
5567,4
5568,1
5569,4
5570,3
5571,1
5572,3
5573,3
5574,7
5575,3
5576,10
5577,5
5578,4
5579,3
5580,4
5581,10
5582,4
5583,10
5584,10
5585,6
5586,4
5587,3
5588,2
5589,4
5590,4
5591,4
5592,4
5593,1
5594,3
5595,4
5596,10
5597,7
5598,4
5599,4
5600,9
5601,4
5602,9
5603,2
5604,4
5605,4
5606,5
5607,7
5608,5
5609,5
5610,3
5611,8
5612,5
5613,10
5614,4
5615,4
5616,5
5617,5
5618,5
5619,3
5620,7
5621,8
5622,4
5623,5
5624,7
5625,3
5626,8
5627,5
5628,10
5629,8
5630,5
5631,4
5632,5
5633,3
5634,4
5635,10
5636,10
5637,10
5638,4
5639,7
5640,9
5641,8
5642,5
5643,9
5644,10
5645,4
5646,5
5647,4
5648,4
5649,3
5650,5
5651,3
5652,4
5653,1
5654,4
5655,4
5656,2
5657,4
5658,8
5659,5
5660,1
5661,9
5662,4
5663,3
5664,3
5665,5
5666,9
5667,4
5668,5
5669,4
5670,6
5671,8
5672,5
5673,10
5674,6
5675,5
5676,4
5677,8
5678,4
5679,5
5680,4
5681,10
5682,9
5683,4
5684,1
5685,6
5686,6
5687,4
5688,5
5689,5
5690,4
5691,9
5692,9
5693,3
5694,9
5695,3
5696,4
5697,10
5698,4
5699,4
5700,4
5701,4
5702,9
5703,7
5704,5
5705,4
5706,10
5707,4
5708,4
5709,4
5710,4
5711,4
5712,9
5713,7
5714,10
5715,4
5716,3
5717,5
5718,4
5719,4
5720,4
5721,5
5722,1
5723,4
5724,4
5725,3
5726,10
5727,3
5728,9
5729,6
5730,3
5731,3
5732,1
5733,4
5734,3
5735,8
5736,9
5737,9
5738,6
5739,4
5740,4
5741,7
5742,3
5743,3
5744,3
5745,6
5746,5
5747,5
5748,3
5749,7
5750,4
5751,1
5752,10
5753,5
5754,9
5755,8
5756,3
5757,3
5758,5
5759,4
5760,4
5761,3
5762,3
5763,4
5764,6
5765,8
5766,6
5767,3
5768,3
5769,3
5770,3
5771,9
5772,6
5773,3
5774,10
5775,8
5776,6
5777,4
5778,9
5779,6
5780,3
5781,4
5782,9
5783,5
5784,4
5785,6
5786,4
5787,4
5788,4
5789,4
5790,10
5791,10
5792,3
5793,9
5794,9
5795,5
5796,10
5797,8
5798,3
5799,10
5800,3
5801,8
5802,6
5803,3
5804,3
5805,5
5806,9
5807,1
5808,9
5809,10
5810,4
5811,9
5812,5
5813,8
5814,10
5815,10
5816,7
5817,3
5818,9
5819,8
5820,9
5821,3
5822,3
5823,9
5824,3
5825,4
5826,10
5827,4
5828,3
5829,3
5830,5
5831,6
5832,4
5833,5
5834,3
5835,9
5836,9
5837,3
5838,4
5839,5
5840,2
5841,7
5842,5
5843,10
5844,3
5845,3
5846,7
5847,3
5848,5
5849,5
5850,5
5851,8
5852,8
5853,3
5854,1
5855,6
5856,7
5857,8
5858,3
5859,5
5860,4
5861,3
5862,6
5863,3
5864,5
5865,3
5866,1
5867,6
5868,3
5869,4
5870,4
5871,1
5872,3
5873,4
5874,4
5875,3
5876,4
5877,4
5878,10
5879,10
5880,5
5881,4
5882,4
5883,3
5884,3
5885,4
5886,3
5887,10
5888,8
5889,1
5890,4
5891,1
5892,9
5893,10
5894,4
5895,8
5896,5
5897,4
5898,8
5899,9
5900,3
5901,10
5902,3
5903,4
5904,4
5905,4
5906,4
5907,4
5908,6
5909,4
5910,1
5911,3
5912,2
5913,8
5914,9
5915,4
5916,4
5917,9
5918,4
5919,1
5920,4
5921,7
5922,4
5923,7
5924,4
5925,4
5926,3
5927,4
5928,1
5929,9
5930,7
5931,3
5932,5
5933,6
5934,4
5935,8
5936,7
5937,5
5938,7
5939,5
5940,10
5941,5
5942,8
5943,3
5944,4
5945,8
5946,7
5947,8
5948,7
5949,5
5950,10
5951,5
5952,5
5953,6
5954,4
5955,8
5956,7
5957,8
5958,7
5959,5
5960,10
5961,1
5962,10
5963,5
5964,9
5965,7
5966,8
5967,5
5968,4
5969,10
5970,10
5971,4
5972,10
5973,7
5974,7
5975,1
5976,10
5977,5
5978,8
5979,4
5980,3
5981,5
5982,7
5983,7
5984,8
5985,4
5986,7
5987,8
5988,8
5989,8
5990,3
5991,5
5992,4
5993,10
5994,8
5995,9
5996,3
5997,10
5998,7
5999,4
6000,8
6001,10
6002,3
6003,10
6004,5
6005,5
6006,4
6007,4
6008,10
6009,4
6010,7
6011,8
6012,7
6013,4
6014,10
6015,3
6016,6
6017,6
6018,6
6019,4
6020,5
6021,9
6022,9
6023,4
6024,7
6025,5
6026,8
6027,10
6028,4
6029,6
6030,9
6031,7
6032,5
6033,5
6034,9
6035,6
6036,3
6037,10
6038,5
6039,10
6040,10
6041,1
6042,3
6043,7
6044,7
6045,4
6046,7
6047,7
6048,5
6049,4
6050,5
6051,10
6052,10
6053,3
6054,7
6055,10
6056,10
6057,7
6058,8
6059,4
6060,7
6061,4
6062,7
6063,8
6064,4
6065,5
6066,5
6067,10
6068,9
6069,8
6070,6
6071,4
6072,3
6073,3
6074,5
6075,5
6076,7
6077,10
6078,3
6079,1
6080,6
6081,1
6082,3
6083,3
6084,4
6085,5
6086,5
6087,10
6088,8
6089,3
6090,6
6091,4
6092,4
6093,4
6094,5
6095,4
6096,10
6097,5
6098,8
6099,5
6100,8
6101,10
6102,4
6103,10
6104,7
6105,4
6106,5
6107,5
6108,5
6109,5
6110,8
6111,4
6112,5
6113,3
6114,4
6115,3
6116,5
6117,5
6118,8
6119,5
6120,5
6121,5
6122,10
6123,4
6124,5
6125,4
6126,4
6127,3
6128,6
6129,7
6130,6
6131,4
6132,3
6133,5
6134,6
6135,4
6136,4
6137,5
6138,4
6139,8
6140,5
6141,8
6142,4
6143,8
6144,5
6145,5
6146,3
6147,4
6148,10
6149,8
6150,5
6151,4
6152,4
6153,10
6154,5
6155,4
6156,3
6157,5
6158,3
6159,6
6160,4
6161,3
6162,1
6163,4
6164,3
6165,6
6166,4
6167,8
6168,4
6169,4
6170,9
6171,5
6172,5
6173,3
6174,3
6175,1
6176,9
6177,10
6178,3
6179,1
6180,4
6181,10
6182,5
6183,5
6184,3
6185,3
6186,9
6187,3
6188,3
6189,10
6190,4
6191,5
6192,8
6193,4
6194,3
6195,8
6196,10
6197,3
6198,4
6199,5
6200,4
6201,10
6202,1
6203,4
6204,3
6205,3
6206,3
6207,8
6208,1
6209,9
6210,3
6211,9
6212,8
6213,4
6214,8
6215,5
6216,8
6217,3
6218,3
6219,1
6220,4
6221,9
6222,9
6223,4
6224,3
6225,4
6226,6
6227,8
6228,8
6229,8
6230,3
6231,4
6232,5
6233,5
6234,5
6235,10
6236,9
6237,4
6238,9
6239,4
6240,4
6241,3
6242,8
6243,10
6244,10
6245,8
6246,3
6247,4
6248,2
6249,3
6250,9
6251,1
6252,8
6253,3
6254,10
6255,5
6256,3
6257,9
6258,3
6259,9
6260,6
6261,3
6262,4
6263,3
6264,6
6265,1
6266,9
6267,7
6268,5
6269,9
6270,10
6271,3
6272,9
6273,5
6274,4
6275,3
6276,3
6277,5
6278,3
6279,4
6280,4
6281,1
6282,5
6283,3
6284,9
6285,9
6286,3
6287,5
6288,5
6289,8
6290,3
6291,1
6292,8
6293,7
6294,1
6295,3
6296,9
6297,3
6298,4
6299,10
6300,7
6301,9
6302,3
6303,3
6304,9
6305,3
6306,6
6307,9
6308,10
6309,5
6310,1
6311,4
6312,5
6313,4
6314,10
6315,4
6316,4
6317,6
6318,3
6319,2
6320,3
6321,5
6322,10
6323,8
6324,10
6325,3
6326,4
6327,6
6328,3
6329,1
6330,4
6331,4
6332,8
6333,10
6334,3
6335,3
6336,8
6337,6
6338,3
6339,4
6340,8
6341,10
6342,1
6343,3
6344,3
6345,3
6346,3
6347,6
6348,8
6349,4
6350,5
6351,9
6352,1
6353,3
6354,10
6355,4
6356,1
6357,4
6358,10
6359,3
6360,4
6361,8
6362,6
6363,9
6364,8
6365,6
6366,3
6367,6
6368,10
6369,7
6370,4
6371,5
6372,5
6373,3
6374,10
6375,4
6376,4
6377,5
6378,5
6379,10
6380,4
6381,6
6382,7
6383,7
6384,1
6385,5
6386,3
6387,10
6388,3
6389,9
6390,7
6391,5
6392,10
6393,3
6394,5
6395,10
6396,4
6397,9
6398,4
6399,3
6400,3
6401,4
6402,4
6403,4
6404,6
6405,3
6406,3
6407,5
6408,5
6409,4
6410,4
6411,4
6412,5
6413,3
6414,5
6415,3
6416,3
6417,10
6418,9
6419,9
6420,4
6421,5
6422,5
6423,4
6424,5
6425,3
6426,8
6427,3
6428,9
6429,3
6430,4
6431,5
6432,3
6433,2
6434,5
6435,9
6436,6
6437,9
6438,8
6439,4
6440,3
6441,3
6442,10
6443,6
6444,9
6445,7
6446,5
6447,3
6448,7
6449,6
6450,9
6451,3
6452,9
6453,10
6454,3
6455,8
6456,8
6457,4
6458,6
6459,10
6460,4
6461,4
6462,8
6463,3
6464,9
6465,3
6466,5
6467,3
6468,3
6469,4
6470,3
6471,5
6472,4
6473,4
6474,8
6475,10
6476,4
6477,3
6478,6
6479,8
6480,10
6481,3
6482,3
6483,5
6484,3
6485,5
6486,6
6487,5
6488,3
6489,6
6490,8
6491,10
6492,8
6493,9
6494,3
6495,8
6496,3
6497,9
6498,7
6499,1
6500,7
6501,3
6502,7
6503,5
6504,10
6505,4
6506,3
6507,5
6508,3
6509,10
6510,1
6511,8
6512,10
6513,3
6514,3
6515,3
6516,4
6517,6
6518,8
6519,3
6520,3
6521,9
6522,3
6523,5
6524,9
6525,2
6526,3
6527,8
6528,4
6529,5
6530,9
6531,5
6532,3
6533,6
6534,4
6535,3
6536,5
6537,9
6538,3
6539,9
6540,10
6541,4
6542,8
6543,5
6544,9
6545,3
6546,4
6547,8
6548,3
6549,3
6550,1
6551,9
6552,3
6553,3
6554,9
6555,7
6556,9
6557,4
6558,8
6559,9
6560,10
6561,10
6562,4
6563,6
6564,5
6565,5
6566,3
6567,5
6568,1
6569,3
6570,4
6571,5
6572,5
6573,4
6574,3
6575,7
6576,5
6577,3
6578,4
6579,4
6580,9
6581,4
6582,10
6583,4
6584,6
6585,3
6586,9
6587,10
6588,6
6589,3
6590,10
6591,6
6592,9
6593,9
6594,5
6595,10
6596,3
6597,9
6598,6
6599,8
6600,5
6601,3
6602,4
6603,1
6604,9
6605,4
6606,9
6607,8
6608,6
6609,8
6610,9
6611,3
6612,9
6613,3
6614,9
6615,1
6616,9
6617,3
6618,3
6619,4
6620,10
6621,6
6622,1
6623,9
6624,4
6625,3
6626,3
6627,9
6628,9
6629,4
6630,4
6631,9
6632,3
6633,4
6634,7
6635,5
6636,3
6637,9
6638,9
6639,3
6640,7
6641,7
6642,3
6643,4
6644,5
6645,4
6646,7
6647,9
6648,9
6649,8
6650,3
6651,9
6652,6
6653,4
6654,8
6655,3
6656,9
6657,9
6658,3
6659,10
6660,6
6661,9
6662,2
6663,6
6664,8
6665,5
6666,4
6667,8
6668,8
6669,7
6670,1
6671,4
6672,9
6673,5
6674,4
6675,10
6676,1
6677,3
6678,8
6679,4
6680,9
6681,4
6682,3
6683,9
6684,4
6685,8
6686,9
6687,9
6688,9
6689,4
6690,9
6691,3
6692,1
6693,10
6694,7
6695,4
6696,9
6697,9
6698,7
6699,3
6700,4
6701,4
6702,1
6703,5
6704,3
6705,3
6706,4
6707,10
6708,1
6709,6
6710,10
6711,3
6712,8
6713,5
6714,3
6715,8
6716,4
6717,5
6718,3
6719,9
6720,8
6721,5
6722,10
6723,10
6724,4
6725,10
6726,10
6727,5
6728,3
6729,8
6730,5
6731,6
6732,9
6733,10
6734,5
6735,4
6736,10
6737,10
6738,4
6739,9
6740,5
6741,3
6742,10
6743,3
6744,2
6745,9
6746,1
6747,9
6748,6
6749,5
6750,3
6751,5
6752,4
6753,8
6754,3
6755,4
6756,5
6757,10
6758,5
6759,5
6760,4
6761,3
6762,4
6763,6
6764,10
6765,5
6766,4
6767,8
6768,1
6769,5
6770,4
6771,8
6772,10
6773,5
6774,3
6775,5
6776,9
6777,4
6778,4
6779,4
6780,8
6781,4
6782,3
6783,1
6784,5
6785,3
6786,9
6787,8
6788,6
6789,9
6790,4
6791,10
6792,6
6793,1
6794,6
6795,5
6796,8
6797,8
6798,3
6799,6
6800,4
6801,9
6802,7
6803,10
6804,3
6805,9
6806,6
6807,4
6808,10
6809,1
6810,4
6811,2
6812,7
6813,10
6814,7
6815,9
6816,6
6817,3
6818,6
6819,7
6820,4
6821,5
6822,10
6823,10
6824,3
6825,9
6826,6
6827,9
6828,4
6829,4
6830,4
6831,6
6832,5
6833,7
6834,1
6835,7
6836,3
6837,9
6838,6
6839,4
6840,5
6841,7
6842,3
6843,3
6844,1
6845,9
6846,6
6847,9
6848,9
6849,4
6850,2
6851,3
6852,4
6853,4
6854,6
6855,9
6856,8
6857,10
6858,7
6859,6
6860,5
6861,9
6862,8
6863,3
6864,7
6865,5
6866,10
6867,3
6868,4
6869,4
6870,4
6871,1
6872,6
6873,10
6874,7
6875,6
6876,3
6877,5
6878,1
6879,9
6880,9
6881,9
6882,4
6883,5
6884,9
6885,3
6886,9
6887,3
6888,4
6889,5
6890,3
6891,10
6892,4
6893,1
6894,5
6895,5
6896,4
6897,9
6898,3
6899,4
6900,4
6901,9
6902,4
6903,4
6904,5
6905,3
6906,4
6907,9
6908,8
6909,4
6910,10
6911,10
6912,10
6913,8
6914,4
6915,4
6916,10
6917,10
6918,4
6919,5
6920,5
6921,7
6922,1
6923,9
6924,3
6925,9
6926,3
6927,9
6928,3
6929,5
6930,5
6931,8
6932,3
6933,3
6934,9
6935,3
6936,6
6937,4
6938,3
6939,4
6940,3
6941,10
6942,3
6943,8
6944,1
6945,10
6946,6
6947,5
6948,8
6949,5
6950,3
6951,6
6952,6
6953,5
6954,4
6955,9
6956,6
6957,9
6958,3
6959,6
6960,1
6961,6
6962,5
6963,1
6964,5
6965,3
6966,3
6967,9
6968,9
6969,3
6970,5
6971,8
6972,1
6973,3
6974,8
6975,3
6976,10
6977,4
6978,3
6979,3
6980,1
6981,5
6982,3
6983,8
6984,5
6985,5
6986,1
6987,9
6988,1
6989,4
6990,7
6991,2
6992,8
6993,7
6994,7
6995,1
6996,6
6997,9
6998,4
6999,9
7000,4
7001,4
7002,10
7003,3
7004,3
7005,4
7006,4
7007,3
7008,3
7009,4
7010,3
7011,6
7012,9
7013,3
7014,3
7015,4
7016,10
7017,4
7018,9
7019,3
7020,5
7021,4
7022,5
7023,4
7024,5
7025,10
7026,3
7027,8
7028,3
7029,6
7030,10
7031,9
7032,8
7033,5
7034,10
7035,3
7036,3
7037,3
7038,1
7039,4
7040,9
7041,8
7042,9
7043,9
7044,5
7045,5
7046,6
7047,6
7048,4
7049,4
7050,8
7051,10
7052,10
7053,7
7054,4
7055,10
7056,4
7057,3
7058,5
7059,3
7060,9
7061,6
7062,5
7063,3
7064,5
7065,4
7066,4
7067,4
7068,8
7069,1
7070,5
7071,10
7072,5
7073,1
7074,5
7075,10
7076,1
7077,6
7078,5
7079,3
7080,10
7081,6
7082,5
7083,6
7084,4
7085,5
7086,3
7087,7
7088,4
7089,10
7090,5
7091,2
7092,4
7093,6
7094,3
7095,3
7096,5
7097,4
7098,6
7099,5
7100,5
7101,4
7102,3
7103,4
7104,4
7105,3
7106,4
7107,5
7108,5
7109,5
7110,6
7111,4
7112,9
7113,8
7114,3
7115,3
7116,4
7117,3
7118,2
7119,9
7120,3
7121,3
7122,9
7123,4
7124,5
7125,9
7126,3
7127,6
7128,9
7129,4
7130,8
7131,2
7132,3
7133,5
7134,8
7135,5
7136,4
7137,6
7138,4
7139,4
7140,8
7141,4
7142,5
7143,4
7144,9
7145,7
7146,7
7147,3
7148,4
7149,5
7150,6
7151,2
7152,5
7153,4
7154,6
7155,3
7156,5
7157,3
7158,4
7159,3
7160,4
7161,2
7162,8
7163,10
7164,8
7165,6
7166,4
7167,1
7168,5
7169,8
7170,6
7171,3
7172,5
7173,3
7174,4
7175,4
7176,4
7177,4
7178,9
7179,8
7180,9
7181,6
7182,3
7183,8
7184,4
7185,6
7186,9
7187,9
7188,5
7189,9
7190,8
7191,6
7192,4
7193,4
7194,3
7195,6
7196,5
7197,7
7198,8
7199,6
7200,9
7201,3
7202,6
7203,6
7204,8
7205,2
7206,5
7207,6
7208,3
7209,7
7210,8
7211,3
7212,10
7213,5
7214,9
7215,9
7216,9
7217,5
7218,4
7219,6
7220,10
7221,7
7222,3
7223,3
7224,4
7225,9
7226,1
7227,4
7228,9
7229,4
7230,4
7231,9
7232,8
7233,4
7234,10
7235,2
7236,5
7237,9
7238,4
7239,9
7240,7
7241,9
7242,5
7243,9
7244,9
7245,3
7246,5
7247,9
7248,4
7249,10
7250,7
7251,10
7252,4
7253,6
7254,4
7255,9
7256,8
7257,6
7258,10
7259,8
7260,7
7261,9
7262,8
7263,5
7264,8
7265,5
7266,3
7267,5
7268,9
7269,9
7270,3
7271,4
7272,3
7273,6
7274,5
7275,4
7276,8
7277,2
7278,5
7279,4
7280,3
7281,4
7282,3
7283,4
7284,10
7285,3
7286,4
7287,5
7288,3
7289,5
7290,3
7291,5
7292,3
7293,7
7294,10
7295,3
7296,9
7297,5
7298,3
7299,5
7300,4
7301,5
7302,3
7303,4
7304,4
7305,3
7306,3
7307,3
7308,5
7309,3
7310,3
7311,4
7312,3
7313,4
7314,3
7315,4
7316,3
7317,4
7318,8
7319,10
7320,4
7321,5
7322,3
7323,10
7324,4
7325,3
7326,4
7327,3
7328,3
7329,10
7330,10
7331,8
7332,1
7333,3
7334,3
7335,9
7336,4
7337,5
7338,1
7339,5
7340,4
7341,4
7342,10
7343,1
7344,3
7345,5
7346,3
7347,4
7348,10
7349,4
7350,10
7351,6
7352,3
7353,4
7354,4
7355,1
7356,6
7357,9
7358,4
7359,1
7360,3
7361,5
7362,6
7363,10
7364,3
7365,5
7366,3
7367,3
7368,8
7369,8
7370,3
7371,3
7372,3
7373,1
7374,5
7375,3
7376,9
7377,4
7378,5
7379,3
7380,5
7381,5
7382,1
7383,5
7384,3
7385,4
7386,8
7387,10
7388,4
7389,3
7390,9
7391,9
7392,4
7393,9
7394,3
7395,6
7396,5
7397,5
7398,3
7399,6
7400,5
7401,10
7402,8
7403,4
7404,4
7405,9
7406,5
7407,6
7408,3
7409,6
7410,3
7411,10
7412,4
7413,6
7414,6
7415,4
7416,3
7417,6
7418,6
7419,4
7420,4
7421,6
7422,4
7423,4
7424,6
7425,4
7426,6
7427,4
7428,8
7429,3
7430,4
7431,5
7432,8
7433,6
7434,6
7435,9
7436,9
7437,6
7438,10
7439,4
7440,8
7441,5
7442,9
7443,4
7444,9
7445,6
7446,6
7447,5
7448,4
7449,3
7450,5
7451,6
7452,9
7453,5
7454,4
7455,9
7456,4
7457,9
7458,3
7459,3
7460,4
7461,8
7462,1
7463,6
7464,4
7465,4
7466,7
7467,10
7468,7
7469,5
7470,5
7471,3
7472,6
7473,9
7474,6
7475,5
7476,4
7477,10
7478,7
7479,3
7480,3
7481,5
7482,6
7483,6
7484,3
7485,9
7486,7
7487,6
7488,6
7489,6
7490,4
7491,6
7492,5
7493,6
7494,8
7495,4
7496,4
7497,4
7498,4
7499,3
7500,3
7501,6
7502,3
7503,6
7504,3
7505,6
7506,5
7507,8
7508,4
7509,10
7510,3
7511,6
7512,10
7513,10
7514,10
7515,1
7516,9
7517,8
7518,5
7519,3
7520,9
7521,9
7522,10
7523,10
7524,10
7525,1
7526,5
7527,8
7528,5
7529,3
7530,8
7531,6
7532,10
7533,10
7534,9
7535,1
7536,6
7537,8
7538,8
7539,10
7540,9
7541,3
7542,10
7543,10
7544,3
7545,9
7546,3
7547,8
7548,8
7549,9
7550,8
7551,6
7552,1
7553,3
7554,3
7555,3
7556,7
7557,4
7558,5
7559,10
7560,3
7561,4
7562,5
7563,10
7564,5
7565,3
7566,10
7567,8
7568,4
7569,1
7570,3
7571,5
7572,5
7573,7
7574,9
7575,4
7576,4
7577,9
7578,10
7579,10
7580,5
7581,9
7582,5
7583,4
7584,5
7585,9
7586,9
7587,3
7588,6
7589,4
7590,9
7591,3
7592,5
7593,5
7594,8
7595,5
7596,3
7597,4
7598,3
7599,7
7600,8
7601,4
7602,7
7603,5
7604,3
7605,4
7606,10
7607,10
7608,1
7609,4
7610,3
7611,5
7612,10
7613,3
7614,4
7615,8
7616,4
7617,10
7618,4
7619,4
7620,5
7621,5
7622,10
7623,7
7624,3
7625,10
7626,1
7627,4
7628,3
7629,5
7630,10
7631,7
7632,9
7633,6
7634,4
7635,4
7636,10
7637,4
7638,1
7639,4
7640,7
7641,4
7642,4
7643,4
7644,3
7645,3
7646,3
7647,1
7648,8
7649,8
7650,3
7651,6
7652,4
7653,9
7654,9
7655,7
7656,1
7657,7
7658,8
7659,4
7660,7
7661,4
7662,4
7663,8
7664,3
7665,8
7666,4
7667,3
7668,3
7669,1
7670,8
7671,9
7672,7
7673,3
7674,4
7675,3
7676,5
7677,3
7678,6
7679,10
7680,7
7681,9
7682,9
7683,4
7684,3
7685,3
7686,3
7687,4
7688,3
7689,1
7690,5
7691,5
7692,5
7693,4
7694,1
7695,3
7696,8
7697,8
7698,4
7699,7
7700,1
7701,4
7702,7
7703,1
7704,1
7705,8
7706,4
7707,1
7708,4
7709,5
7710,3
7711,3
7712,5
7713,3
7714,4
7715,9
7716,3
7717,6
7718,4
7719,4
7720,3
7721,5
7722,3
7723,4
7724,6
7725,1
7726,4
7727,9
7728,8
7729,5
7730,3
7731,3
7732,6
7733,3
7734,4
7735,5
7736,3
7737,5
7738,3
7739,8
7740,3
7741,10
7742,3
7743,3
7744,1
7745,6
7746,3
7747,9
7748,3
7749,5
7750,5
7751,10
7752,4
7753,3
7754,4
7755,10
7756,3
7757,6
7758,6
7759,4
7760,6
7761,5
7762,4
7763,5
7764,10
7765,6
7766,3
7767,7
7768,3
7769,1
7770,9
7771,4
7772,10
7773,5
7774,3
7775,4
7776,4
7777,3
7778,8
7779,1
7780,3
7781,3
7782,5
7783,1
7784,5
7785,5
7786,3
7787,5
7788,4
7789,4
7790,3
7791,5
7792,3
7793,4
7794,3
7795,5
7796,3
7797,5
7798,3
7799,1
7800,9
7801,8
7802,6
7803,5
7804,1
7805,10
7806,4
7807,5
7808,9
7809,10
7810,3
7811,3
7812,5
7813,5
7814,9
7815,3
7816,5
7817,1
7818,3
7819,10
7820,10
7821,3
7822,1
7823,5
7824,5
7825,1
7826,6
7827,10
7828,2
7829,9
7830,3
7831,3
7832,10
7833,5
7834,3
7835,9
7836,3
7837,9
7838,4
7839,3
7840,10
7841,3
7842,5
7843,5
7844,1
7845,6
7846,3
7847,8
7848,5
7849,3
7850,10
7851,5
7852,3
7853,5
7854,4
7855,3
7856,8
7857,5
7858,5
7859,3
7860,10
7861,3
7862,5
7863,3
7864,6
7865,4
7866,5
7867,3
7868,5
7869,8
7870,5
7871,10
7872,3
7873,3
7874,8
7875,9
7876,5
7877,10
7878,6
7879,3
7880,6
7881,1
7882,5
7883,8
7884,6
7885,3
7886,7
7887,5
7888,3
7889,5
7890,3
7891,2
7892,3
7893,5
7894,1
7895,4
7896,5
7897,6
7898,4
7899,3
7900,5
7901,8
7902,3
7903,9
7904,5
7905,3
7906,10
7907,3
7908,8
7909,9
7910,3
7911,4
7912,5
7913,6
7914,3
7915,3
7916,5
7917,5
7918,5
7919,10
7920,3
7921,5
7922,5
7923,5
7924,3
7925,5
7926,3
7927,3
7928,6
7929,8
7930,3
7931,5
7932,5
7933,1
7934,3
7935,5
7936,5
7937,5
7938,5
7939,3
7940,9
7941,10
7942,4
7943,5
7944,8
7945,5
7946,10
7947,5
7948,9
7949,7
7950,9
7951,10
7952,4
7953,5
7954,3
7955,5
7956,10
7957,7
7958,6
7959,5
7960,1
7961,10
7962,4
7963,5
7964,9
7965,4
7966,4
7967,6
7968,3
7969,3
7970,5
7971,1
7972,6
7973,9
7974,5
7975,5
7976,1
7977,3
7978,5
7979,6
7980,3
7981,5
7982,5
7983,5
7984,7
7985,6
7986,6
7987,10
7988,3
7989,5
7990,3
7991,5
7992,5
7993,5
7994,7
7995,10
7996,10
7997,5
7998,10
7999,9
8000,4
8001,5
8002,2
8003,5
8004,6
8005,5
8006,2
8007,5
8008,3
8009,6
8010,3
8011,5
8012,6
8013,9
8014,8
8015,7
8016,3
8017,3
8018,5
8019,4
8020,5
8021,4
8022,3
8023,5
8024,3
8025,3
8026,10
8027,5
8028,3
8029,5
8030,3
8031,9
8032,10
8033,7
8034,9
8035,8
8036,3
8037,10
8038,3
8039,3
8040,6
8041,1
8042,4
8043,1
8044,9
8045,5
8046,5
8047,6
8048,10
8049,4
8050,4
8051,1
8052,5
8053,10
8054,5
8055,9
8056,8
8057,8
8058,3
8059,4
8060,5
8061,10
8062,3
8063,3
8064,10
8065,6
8066,4
8067,5
8068,3
8069,5
8070,10
8071,7
8072,5
8073,4
8074,1
8075,5
8076,3
8077,4
8078,1
8079,4
8080,5
8081,5
8082,1
8083,8
8084,3
8085,5
8086,3
8087,5
8088,5
8089,5
8090,3
8091,4
8092,4
8093,5
8094,5
8095,4
8096,3
8097,5
8098,1
8099,3
8100,4
8101,5
8102,5
8103,5
8104,5
8105,8
8106,5
8107,5
8108,5
8109,10
8110,5
8111,5
8112,3
8113,5
8114,5
8115,8
8116,5
8117,4
8118,3
8119,5
8120,10
8121,3
8122,6
8123,9
8124,3
8125,7
8126,3
8127,8
8128,3
8129,5
8130,5
8131,8
8132,4
8133,5
8134,4
8135,7
8136,4
8137,9
8138,3
8139,4
8140,4
8141,3
8142,4
8143,5
8144,8
8145,6
8146,3
8147,9
8148,6
8149,3
8150,5
8151,5
8152,9
8153,1
8154,5
8155,3
8156,4
8157,3
8158,4
8159,5
8160,4
8161,5
8162,4
8163,3
8164,3
8165,6
8166,5
8167,4
8168,3
8169,4
8170,4
8171,9
8172,8
8173,3
8174,9
8175,5
8176,8
8177,4
8178,4
8179,4
8180,3
8181,5
8182,9
8183,3
8184,4
8185,9
8186,3
8187,3
8188,4
8189,7
8190,9
8191,8
8192,3
8193,3
8194,4
8195,8
8196,3
8197,3
8198,4
8199,10
8200,5
8201,1
8202,3
8203,8
8204,3
8205,3
8206,3
8207,3
8208,4
8209,3
8210,3
8211,10
8212,4
8213,5
8214,8
8215,3
8216,3
8217,3
8218,1
8219,2
8220,2
8221,6
8222,5
8223,9
8224,3
8225,3
8226,4
8227,3
8228,9
8229,7
8230,5
8231,9
8232,4
8233,5
8234,5
8235,7
8236,9
8237,4
8238,4
8239,3
8240,4
8241,1
8242,3
8243,6
8244,8
8245,5
8246,10
8247,7
8248,9
8249,6
8250,6
8251,9
8252,8
8253,4
8254,5
8255,5
8256,5
8257,1
8258,7
8259,9
8260,4
8261,8
8262,4
8263,5
8264,6
8265,4
8266,7
8267,3
8268,9
8269,4
8270,4
8271,5
8272,10
8273,4
8274,7
8275,9
8276,5
8277,5
8278,10
8279,5
8280,9
8281,4
8282,8
8283,9
8284,8
8285,7
8286,9
8287,2
8288,8
8289,3
8290,4
8291,7
8292,8
8293,3
8294,10
8295,9
8296,5
8297,10
8298,3
8299,4
8300,5
8301,3
8302,9
8303,10
8304,5
8305,6
8306,5
8307,4
8308,3
8309,7
8310,6
8311,8
8312,3
8313,6
8314,7
8315,6
8316,3
8317,9
8318,4
8319,5
8320,3
8321,4
8322,6
8323,3
8324,6
8325,2
8326,10
8327,8
8328,10
8329,10
8330,6
8331,10
8332,5
8333,5
8334,1
8335,4
8336,5
8337,3
8338,7
8339,8
8340,9
8341,5
8342,4
8343,7
8344,8
8345,5
8346,3
8347,7
8348,5
8349,7
8350,4
8351,7
8352,3
8353,5
8354,10
8355,7
8356,10
8357,6
8358,3
8359,10
8360,5
8361,5
8362,5
8363,8
8364,10
8365,9
8366,4
8367,4
8368,4
8369,3
8370,9
8371,8
8372,10
8373,5
8374,8
8375,10
8376,5
8377,5
8378,1
8379,3
8380,3
8381,3
8382,10
8383,8
8384,10
8385,3
8386,3
8387,4
8388,6
8389,5
8390,8
8391,4
8392,10
8393,3
8394,3
8395,3
8396,9
8397,5
8398,9
8399,7
8400,1
8401,8
8402,10
8403,1
8404,10
8405,8
8406,9
8407,8
8408,3
8409,9
8410,3
8411,3
8412,3
8413,5
8414,4
8415,3
8416,5
8417,8
8418,8
8419,5
8420,7
8421,4
8422,6
8423,10
8424,3
8425,3
8426,8
8427,8
8428,5
8429,8
8430,3
8431,3
8432,10
8433,5
8434,1
8435,9
8436,10
8437,9
8438,3
8439,3
8440,5
8441,9
8442,9
8443,3
8444,4
8445,9
8446,5
8447,4
8448,6
8449,4
8450,4
8451,10
8452,5
8453,10
8454,1
8455,4
8456,6
8457,1
8458,8
8459,6
8460,4
8461,10
8462,4
8463,5
8464,8
8465,8
8466,6
8467,3
8468,8
8469,6
8470,4
8471,5
8472,5
8473,10
8474,8
8475,4
8476,6
8477,1
8478,2
8479,9
8480,10
8481,6
8482,6
8483,10
8484,5
8485,8
8486,5
8487,3
8488,5
8489,4
8490,5
8491,8
8492,4
8493,10
8494,4
8495,5
8496,5
8497,3
8498,6
8499,10
8500,1
8501,8
8502,1
8503,5
8504,4
8505,4
8506,3
8507,5
8508,10
8509,5
8510,4
8511,6
8512,10
8513,6
8514,8
8515,1
8516,1
8517,1
8518,1
8519,5
8520,6
8521,10
8522,10
8523,4
8524,6
8525,4
8526,6
8527,4
8528,5
8529,6
8530,8
8531,3
8532,3
8533,5
8534,3
8535,10
8536,6
8537,4
8538,10
8539,4
8540,3
8541,4
8542,6
8543,10
8544,4
8545,3
8546,4
8547,9
8548,3
8549,6
8550,4
8551,8
8552,7
8553,8
8554,10
8555,3
8556,6
8557,3
8558,10
8559,6
8560,4
8561,3
8562,7
8563,10
8564,3
8565,6
8566,4
8567,3
8568,4
8569,4
8570,3
8571,3
8572,3
8573,1
8574,8
8575,4
8576,4
8577,1
8578,10
8579,3
8580,3
8581,9
8582,3
8583,8
8584,9
8585,3
8586,3
8587,5
8588,6
8589,1
8590,10
8591,4
8592,6
8593,3
8594,4
8595,3
8596,1
8597,4
8598,3
8599,3
8600,10
8601,4
8602,3
8603,6
8604,3
8605,4
8606,9
8607,6
8608,3
8609,6
8610,3
8611,9
8612,1
8613,4
8614,8
8615,1
8616,3
8617,8
8618,8
8619,4
8620,4
8621,6
8622,1
8623,9
8624,4
8625,3
8626,3
8627,9
8628,3
8629,9
8630,1
8631,3
8632,6
8633,3
8634,4
8635,1
8636,4
8637,4
8638,8
8639,8
8640,3
8641,4
8642,7
8643,9
8644,3
8645,9
8646,3
8647,3
8648,9
8649,3
8650,4
8651,4
8652,8
8653,3
8654,3
8655,8
8656,10
8657,3
8658,4
8659,5
8660,4
8661,3
8662,3
8663,8
8664,4
8665,9
8666,3
8667,4
8668,4
8669,3
8670,9
8671,9
8672,3
8673,5
8674,3
8675,5
8676,10
8677,3
8678,3
8679,10
8680,3
8681,5
8682,3
8683,5
8684,3
8685,3
8686,4
8687,3
8688,3
8689,6
8690,3
8691,4
8692,5
8693,5
8694,3
8695,5
8696,9
8697,10
8698,4
8699,10
8700,3
8701,5
8702,8
8703,3
8704,10
8705,8
8706,5
8707,5
8708,5
8709,5
8710,8
8711,3
8712,3
8713,3
8714,7
8715,5
8716,4
8717,8
8718,3
8719,6
8720,5
8721,4
8722,3
8723,4
8724,4
8725,4
8726,4
8727,4
8728,10
8729,4
8730,5
8731,1
8732,1
8733,9
8734,6
8735,6
8736,3
8737,5
8738,3
8739,8
8740,4
8741,4
8742,3
8743,6
8744,4
8745,1
8746,4
8747,3
8748,4
8749,8
8750,10
8751,8
8752,2
8753,8
8754,3
8755,9
8756,1
8757,4
8758,10
8759,5
8760,4
8761,4
8762,3
8763,6
8764,3
8765,3
8766,7
8767,8
8768,10
8769,5
8770,9
8771,9
8772,4
8773,8
8774,9
8775,3
8776,9
8777,10
8778,3
8779,7
8780,9
8781,7
8782,3
8783,2
8784,4
8785,5
8786,8
8787,6
8788,3
8789,3
8790,4
8791,4
8792,6
8793,4
8794,3
8795,3
8796,7
8797,10
8798,9
8799,1
8800,5
8801,3
8802,8
8803,9
8804,4
8805,4
8806,8
8807,6
8808,8
8809,3
8810,4
8811,4
8812,8
8813,9
8814,4
8815,9
8816,7
8817,8
8818,3
8819,5
8820,4
8821,5
8822,7
8823,9
8824,9
8825,1
8826,9
8827,3
8828,4
8829,9
8830,2
8831,5
8832,4
8833,9
8834,10
8835,3
8836,3
8837,9
8838,7
8839,5
8840,5
8841,3
8842,9
8843,8
8844,8
8845,3
8846,1
8847,5
8848,5
8849,3
8850,4
8851,5
8852,5
8853,4
8854,9
8855,3
8856,3
8857,8
8858,6
8859,1
8860,3
8861,8
8862,9
8863,5
8864,3
8865,8
8866,1
8867,6
8868,10
8869,1
8870,4
8871,7
8872,7
8873,6
8874,5
8875,6
8876,5
8877,8
8878,6
8879,5
8880,3
8881,3
8882,3
8883,4
8884,10
8885,4
8886,9
8887,9
8888,4
8889,1
8890,7
8891,4
8892,10
8893,4
8894,9
8895,6
8896,8
8897,4
8898,4
8899,9
8900,9
8901,4
8902,10
8903,3
8904,10
8905,1
8906,4
8907,4
8908,3
8909,7
8910,5
8911,8
8912,9
8913,2
8914,8
8915,5
8916,3
8917,3
8918,4
8919,6
8920,3
8921,9
8922,8
8923,5
8924,3
8925,3
8926,4
8927,6
8928,3
8929,9
8930,8
8931,4
8932,5
8933,3
8934,9
8935,6
8936,9
8937,3
8938,9
8939,4
8940,3
8941,8
8942,4
8943,3
8944,3
8945,7
8946,6
8947,8
8948,4
8949,5
8950,9
8951,3
8952,8
8953,4
8954,4
8955,4
8956,9
8957,9
8958,8
8959,6
8960,7
8961,4
8962,4
8963,6
8964,3
8965,5
8966,3
8967,4
8968,1
8969,1
8970,7
8971,3
8972,4
8973,3
8974,7
8975,10
8976,10
8977,4
8978,9
8979,3
8980,4
8981,4
8982,6
8983,5
8984,5
8985,7
8986,3
8987,4
8988,8
8989,5
8990,4
8991,1
8992,4
8993,3
8994,6
8995,9
8996,4
8997,3
8998,1
8999,9
9000,8
9001,8
9002,3
9003,4
9004,5
9005,8
9006,2
9007,3
9008,3
9009,4
9010,3
9011,3
9012,3
9013,4
9014,9
9015,4
9016,10
9017,5
9018,2
9019,3
9020,3
9021,3
9022,3
9023,1
9024,5
9025,6
9026,4
9027,5
9028,6
9029,5
9030,1
9031,4
9032,9
9033,3
9034,9
9035,9
9036,9
9037,6
9038,3
9039,1
9040,5
9041,7
9042,5
9043,3
9044,4
9045,3
9046,3
9047,3
9048,9
9049,10
9050,4
9051,7
9052,5
9053,3
9054,3
9055,5
9056,3
9057,3
9058,3
9059,3
9060,3
9061,8
9062,4
9063,8
9064,6
9065,10
9066,3
9067,1
9068,8
9069,4
9070,10
9071,3
9072,4
9073,5
9074,5
9075,10
9076,6
9077,4
9078,8
9079,4
9080,4
9081,8
9082,4
9083,5
9084,5
9085,10
9086,10
9087,1
9088,8
9089,5
9090,10
9091,4
9092,4
9093,5
9094,10
9095,10
9096,6
9097,4
9098,5
9099,10
9100,8
9101,5
9102,6
9103,10
9104,4
9105,10
9106,3
9107,5
9108,5
9109,8
9110,4
9111,5
9112,5
9113,4
9114,8
9115,4
9116,5
9117,4
9118,5
9119,5
9120,4
9121,4
9122,4
9123,1
9124,3
9125,4
9126,5
9127,4
9128,3
9129,5
9130,5
9131,3
9132,5
9133,4
9134,4
9135,3
9136,5
9137,4
9138,6
9139,4
9140,5
9141,5
9142,10
9143,4
9144,4
9145,10
9146,5
9147,1
9148,6
9149,1
9150,1
9151,5
9152,8
9153,9
9154,4
9155,8
9156,5
9157,10
9158,3
9159,3
9160,9
9161,4
9162,5
9163,10
9164,5
9165,8
9166,4
9167,8
9168,6
9169,5
9170,8
9171,5
9172,4
9173,10
9174,9
9175,1
9176,5
9177,4
9178,5
9179,4
9180,8
9181,5
9182,3
9183,3
9184,6
9185,5
9186,10
9187,6
9188,6
9189,6
9190,8
9191,4
9192,4
9193,3
9194,6
9195,10
9196,10
9197,9
9198,2
9199,6
9200,5
9201,5
9202,3
9203,5
9204,6
9205,9
9206,2
9207,9
9208,10
9209,4
9210,3
9211,4
9212,4
9213,10
9214,3
9215,6
9216,3
9217,6
9218,7
9219,6
9220,3
9221,6
9222,8
9223,5
9224,8
9225,4
9226,3
9227,4
9228,5
9229,10
9230,3
9231,6
9232,3
9233,6
9234,2
9235,10
9236,3
9237,8
9238,3
9239,3
9240,8
9241,1
9242,4
9243,10
9244,2
9245,5
9246,9
9247,3
9248,4
9249,10
9250,2
9251,6
9252,4
9253,6
9254,5
9255,6
9256,6
9257,10
9258,9
9259,5
9260,4
9261,5
9262,3
9263,9
9264,3
9265,4
9266,4
9267,9
9268,3
9269,10
9270,9
9271,10
9272,4
9273,10
9274,4
9275,4
9276,5
9277,10
9278,4
9279,9
9280,8
9281,3
9282,10
9283,4
9284,4
9285,8
9286,6
9287,3
9288,4
9289,6
9290,5
9291,10
9292,4
9293,4
9294,4
9295,6
9296,4
9297,3
9298,3
9299,3
9300,5
9301,10
9302,4
9303,10
9304,10
9305,9
9306,9
9307,3
9308,4
9309,9
9310,10
9311,6
9312,1
9313,9
9314,4
9315,6
9316,4
9317,4
9318,9
9319,4
9320,10
9321,8
9322,3
9323,3
9324,8
9325,4
9326,1
9327,4
9328,8
9329,8
9330,9
9331,4
9332,4
9333,1
9334,8
9335,9
9336,4
9337,4
9338,4
9339,4
9340,1
9341,10
9342,3
9343,9
9344,9
9345,8
9346,4
9347,3
9348,8
9349,4
9350,4
9351,4
9352,9
9353,4
9354,8
9355,4
9356,9
9357,4
9358,5
9359,3
9360,6
9361,4
9362,9
9363,4
9364,10
9365,9
9366,10
9367,9
9368,6
9369,4
9370,4
9371,7
9372,10
9373,8
9374,3
9375,6
9376,3
9377,10
9378,8
9379,4
9380,3
9381,5
9382,10
9383,10
9384,1
9385,6
9386,3
9387,4
9388,1
9389,4
9390,3
9391,7
9392,10
9393,3
9394,6
9395,3
9396,4
9397,1
9398,4
9399,3
9400,8
9401,9
9402,4
9403,4
9404,9
9405,8
9406,8
9407,8
9408,4
9409,10
9410,3
9411,3
9412,9
9413,10
9414,4
9415,1
9416,4
9417,10
9418,3
9419,4
9420,8
9421,4
9422,3
9423,4
9424,10
9425,9
9426,8
9427,9
9428,8
9429,3
9430,3
9431,8
9432,4
9433,10
9434,3
9435,4
9436,4
9437,1
9438,9
9439,4
9440,1
9441,8
9442,9
9443,10
9444,4
9445,4
9446,5
9447,9
9448,5
9449,10
9450,3
9451,3
9452,6
9453,3
9454,10
9455,9
9456,1
9457,8
9458,1
9459,6
9460,6
9461,3
9462,9
9463,3
9464,6
9465,4
9466,7
9467,5
9468,10
9469,3
9470,10
9471,6
9472,1
9473,10
9474,9
9475,9
9476,8
9477,5
9478,4
9479,8
9480,6
9481,3
9482,10
9483,9
9484,4
9485,9
9486,4
9487,6
9488,7
9489,8
9490,5
9491,5
9492,5
9493,10
9494,4
9495,1
9496,10
9497,9
9498,4
9499,8
9500,4
9501,3
9502,5
9503,10
9504,9
9505,8
9506,5
9507,9
9508,4
9509,5
9510,4
9511,5
9512,5
9513,9
9514,9
9515,9
9516,5
9517,4
9518,4
9519,5
9520,1
9521,5
9522,6
9523,10
9524,3
9525,5
9526,9
9527,9
9528,3
9529,1
9530,7
9531,10
9532,9
9533,3
9534,10
9535,9
9536,5
9537,5
9538,4
9539,2
9540,10
9541,5
9542,9
9543,3
9544,7
9545,9
9546,4
9547,5
9548,3
9549,10
9550,4
9551,9
9552,2
9553,1
9554,10
9555,9
9556,9
9557,6
9558,6
9559,3
9560,2
9561,2
9562,3
9563,10
9564,8
9565,6
9566,1
9567,6
9568,5
9569,1
9570,10
9571,4
9572,9
9573,4
9574,7
9575,3
9576,3
9577,5
9578,3
9579,3
9580,7
9581,4
9582,3
9583,5
9584,3
9585,10
9586,1
9587,6
9588,5
9589,4
9590,1
9591,3
9592,2
9593,6
9594,5
9595,5
9596,10
9597,3
9598,5
9599,1
9600,5
9601,10
9602,3
9603,5
9604,5
9605,3
9606,9
9607,9
9608,10
9609,8
9610,3
9611,9
9612,8
9613,4
9614,5
9615,8
9616,5
9617,10
9618,8
9619,6
9620,5
9621,9
9622,5
9623,5
9624,6
9625,3
9626,9
9627,5
9628,5
9629,8
9630,9
9631,3
9632,8
9633,8
9634,5
9635,5
9636,5
9637,9
9638,7
9639,9
9640,6
9641,9
9642,5
9643,5
9644,4
9645,8
9646,4
9647,4
9648,8
9649,8
9650,2
9651,10
9652,5
9653,9
9654,2
9655,7
9656,9
9657,7
9658,4
9659,8
9660,6
9661,8
9662,5
9663,6
9664,8
9665,9
9666,10
9667,5
9668,3
9669,9
9670,5
9671,2
9672,5
9673,4
9674,1
9675,5
9676,5
9677,9
9678,5
9679,10
9680,8
9681,4
9682,3
9683,5
9684,4
9685,1
9686,5
9687,4
9688,8
9689,8
9690,4
9691,8
9692,6
9693,8
9694,10
9695,6
9696,6
9697,5
9698,9
9699,8
9700,5
9701,9
9702,8
9703,10
9704,6
9705,8
9706,5
9707,3
9708,3
9709,6
9710,10
9711,4
9712,9
9713,5
9714,6
9715,3
9716,4
9717,3
9718,3
9719,6
9720,8
9721,7
9722,9
9723,2
9724,6
9725,5
9726,4
9727,3
9728,8
9729,6
9730,5
9731,7
9732,9
9733,5
9734,6
9735,4
9736,5
9737,1
9738,4
9739,6
9740,5
9741,6
9742,6
9743,1
9744,9
9745,6
9746,10
9747,4
9748,10
9749,8
9750,8
9751,8
9752,3
9753,3
9754,8
9755,5
9756,5
9757,1
9758,3
9759,8
9760,6
9761,4
9762,8
9763,10
9764,8
9765,10
9766,10
9767,9
9768,9
9769,3
9770,9
9771,8
9772,10
9773,5
9774,4
9775,4
9776,3
9777,7
9778,10
9779,1
9780,3
9781,10
9782,9
9783,3
9784,5
9785,10
9786,4
9787,5
9788,3
9789,9
9790,6
9791,10
9792,5
9793,10
9794,7
9795,3
9796,5
9797,4
9798,3
9799,3
9800,4
9801,7
9802,8
9803,4
9804,3
9805,10
9806,9
9807,6
9808,3
9809,10
9810,8
9811,4
9812,2
9813,8
9814,9
9815,2
9816,8
9817,5
9818,5
9819,8
9820,5
9821,3
9822,10
9823,6
9824,5
9825,4
9826,5
9827,8
9828,4
9829,4
9830,5
9831,2
9832,4
9833,4
9834,10
9835,3
9836,9
9837,5
9838,5
9839,2
9840,3
9841,10
9842,4
9843,10
9844,5
9845,4
9846,4
9847,4
9848,3
9849,5
9850,4
9851,8
9852,10
9853,8
9854,4
9855,3
9856,3
9857,5
9858,3
9859,5
9860,10
9861,9
9862,3
9863,10
9864,7
9865,8
9866,8
9867,3
9868,6
9869,8
9870,7
9871,4
9872,9
9873,7
9874,3
9875,4
9876,9
9877,4
9878,5
9879,4
9880,6
9881,6
9882,3
9883,4
9884,3
9885,10
9886,8
9887,7
9888,5
9889,8
9890,3
9891,5
9892,5
9893,9
9894,3
9895,9
9896,8
9897,4
9898,3
9899,4
9900,7
9901,4
9902,3
9903,5
9904,4
9905,10
9906,9
9907,6
9908,5
9909,9
9910,10
9911,10
9912,8
9913,5
9914,7
9915,9
9916,6
9917,6
9918,6
9919,3
9920,9
9921,4
9922,4
9923,10
9924,4
9925,5
9926,9
9927,6
9928,9
9929,9
9930,7
9931,8
9932,4
9933,4
9934,7
9935,4
9936,5
9937,4
9938,1
9939,8
9940,8
9941,6
9942,9
9943,3
9944,4
9945,4
9946,5
9947,5
9948,3
9949,1
9950,3
9951,4
9952,8
9953,8
9954,6
9955,3
9956,4
9957,4
9958,8
9959,9
9960,5
9961,9
9962,9
9963,7
9964,10
9965,8
9966,3
9967,3
9968,2
9969,8
9970,4
9971,8
9972,7
9973,9
9974,9
9975,9
9976,6
9977,9
9978,6
9979,4
9980,6
9981,10
9982,10
9983,8
9984,8
9985,5
9986,7
9987,4
9988,3
9989,5
9990,1
9991,6
9992,3
9993,5
9994,5
9995,4
9996,8
9997,7
9998,6
9999,5
10000,3
